token	frequency	source	devanagari_candidate_1	devanagari_candidate_2	devanagari_candidate_3	devanagari_candidate_4
hai	3661	override_list	है	हाई	हाइ	हई
to	1892	override_list	तो	टो	टीओ	टू
ke	1604	override_list	के	केई	कीई	क
nahi	1592	pilot_pool	नही	नाही	नहि	नाहि
bhi	1588	pilot_pool	भी	भि	बही	भीं
ki	1571	override_list	की	कि	काई	कीई
se	1328	override_list	से	एसई	सी	स
ka	1244	override_list	का	केए	क	क्‌
ho	1178	override_list	हो	एचओ	हों	हू
ko	1149	override_list	को	कों	केओ	कू
bhai	1023	override_list	भाई	भाइ	भई	भै
aur	1023	override_list	और	आउर	अउर	और्‌
ye	1013	pilot_pool	ये	यी	य	ए
kar	927	override_list	कर	कार	कर्‌	कड़
kya	910	override_list	क्या	क्य	कया	कय
mein	633	pilot_pool	में	मेइन	मेन	मैन
ek	593	override_list	एक	ईके	ईक	इक
toh	546	override_list	तोह	टोह	तोह्‌	टॉह
ab	521	override_list	अब	एबी	अब्‌	आब
aaj	506	pilot_pool	आज	अज	आज्‌	एएज
koi	468	override_list	कोई	कोइ	कॉइ	कोईं
kuch	457	pilot_pool	कुच	कुछ	कूच	कच
raha	444	pilot_pool	रहा	रह	राह	रह्‌
na	443	override_list	ना	ने	न	न्‌
aap	433	override_list	आप	अप	अप्‌	एएप
ne	427	override_list	ने	नी	नि	न
liye	424	pilot_pool	लिए	लिये	लीये	लीए
tha	408	override_list	था	ठा	थ	ठ
tu	356	override_list	टू	तू	तु	तूं
mujhe	354	pilot_pool	मुझे	मूझे	मुझें	मझे
baat	340	pilot_pool	बात	बाट	बैट	बॉट
sab	338	pilot_pool	सब	साब	सैब	सब्‌
rahe	330	pilot_pool	रहे	राहे	रेह	रह
hain	318	pilot_pool	हैं	हैन	हेन	हाइन
gaya	301	pilot_pool	गया	गाया	ग्या	गय
jo	294	pilot_pool	जो	जेओ	ज़ो	जू
hota	266	pilot_pool	होता	होटा	होत	होट
kiya	258	pilot_pool	किया	कीया	कीय	किय
someuser	238	pilot_pool	सोम्यूजर	सम्यूजर	सोम्युजर	सोम्यूसर
abhi	231	pilot_pool	अभी	अभि	आभी	आभि
diya	228	pilot_pool	दिया	डिया	दिय	दीय
ya	219	pilot_pool	या	य	यां	ये
yaar	210	pilot_pool	यार	यार्‌	य़ार	यर
bahut	209	pilot_pool	बहुत	बहूत	बहत	बहुट
kabhi	207	pilot_pool	कभी	काभी	कभि	काभि
gaye	206	pilot_pool	गये	गाये	गाए	गेय
guddu	200	pilot_pool	गुड्डू	गुद्दू	गुडु	गुडू
kyu	192	pilot_pool	क्यू	क्यु	कयू	कयु
woh	192	pilot_pool	वोह	वो	वॉह	वुह
rahi	186	pilot_pool	रही	राही	रहि	राहि
tak	186	pilot_pool	तक	टक	टाक	टैक
kaam	183	pilot_pool	काम	कॉम	कां	काँ
ghar	182	pilot_pool	घर	घार	घर्‌	गहर
yeh	182	pilot_pool	येह	यह	याह	एह
wo	182	pilot_pool	वो	वीओ	वॉ	वू
karne	172	pilot_pool	करने	कारने	कर्णे	कर्ने
hu	172	pilot_pool	हू	हु	हूं	हूँ
desh	167	pilot_pool	देश	डेश	देष	देस
aise	167	pilot_pool	एआईएसई	ऐसे	आइसे	एआइएसई
pehle	165	pilot_pool	पहले	पेहले	पहेले	पहलें
apne	164	pilot_pool	अपने	आपने	अप्ने	अपनें
dekh	163	pilot_pool	देख	डेख	देक	दीख
baar	162	pilot_pool	बार	बर	बॉर	भार
thi	162	override_list	थी	थि	ठी	ती
baad	161	pilot_pool	बाद	बाड़	बाढ़	बाड
meri	161	pilot_pool	मेरी	मेरि	मीरी	मरी
pata	160	pilot_pool	पता	पाटा	पटा	पाता
saath	158	pilot_pool	साथ	साठ	सात	साँठ
sirf	155	pilot_pool	सिर्फ	सिर्फ़	सर्फ	एसआईआरफ
dil	154	pilot_pool	दिल	डिल	दील	दिल्‌
hoga	154	pilot_pool	होगा	होग	हॉगा	हौगा
nhi	154	pilot_pool	नही	न्ही	न्हि	न्हीं
karte	153	pilot_pool	करते	कर्ते	कारते	कार्ते
salman	152	pilot_pool	सलमान	सालमान	सालमन	सलमन
karo	150	pilot_pool	करो	कारो	करों	कैरो
jab	149	override_list	जब	जाब	जैब	जब्‌
accha	148	pilot_pool	अच्छ	अछा	अच्च	अछ
alllahdin	148	pilot_pool	अल्लाहदीन	अलाहदीन	अल्लाहदिन	अल्लहदीन
naam	146	pilot_pool	नाम	नाम्‌	नां	नम
chahiye	142	pilot_pool	चाहिए	चाहिये	चहिये	चहिए
kaha	142	pilot_pool	कहा	कह	कह्‌	काह
meetuunnglee	139	pilot_pool	मीटूँगली	मीटूंगली	मीतूँंगली	मीतूंगली
phir	139	pilot_pool	फिर	फ़िर	पहिर	फीर
aisa	137	pilot_pool	एआईएसए	आइसा	आईसा	एआईएस
har	136	pilot_pool	हर	हार	हर्‌	हैर
mera	134	pilot_pool	मेरा	मीरा	मैरा	मेर
yaad	133	pilot_pool	याद	याड़	याद्‌	याड
hoti	131	pilot_pool	होती	होटी	होति	होटि
sahi	128	pilot_pool	सही	साही	सहि	साहि
karna	125	pilot_pool	करना	कारना	कर्णा	कर्ण
mahashivratri	124	pilot_pool	महाशिवरात्रि	महाशिवरात्री	महाश्विरात्रि	महाशिवरात्रिय
kisi	121	pilot_pool	किसी	कीसी	किसि	किसीं
tujhe	121	pilot_pool	तुझे	तूझे	तझे	टुझे
pyar	119	pilot_pool	प्यार	पयार	प्यर	पयर
bol	118	pilot_pool	बोल	बॉल	बोल्‌	बूल
haan	116	pilot_pool	हाँ	हां	हान	हाण
aaya	115	pilot_pool	आया	आय	अया	आएए
kaise	115	pilot_pool	कैसे	कइसे	कैस	केसे
bahot	114	pilot_pool	बहोत	बहोट	बाहोत	बाहोट
tere	114	pilot_pool	तेरे	टेरे	तेरें	टीर
zyada	114	pilot_pool	ज्यादा	ज़्यादा	ज्याडा	ज़्याडा
kam	112	pilot_pool	काम	कम	कैम	कम्‌
laga	112	pilot_pool	लगा	लागा	लग	लैगा
lagta	111	pilot_pool	लगता	लागता	लग्ता	लगटा
wala	110	pilot_pool	वाला	वला	वाल	वल
liya	109	pilot_pool	लिया	लीया	लिय	लीय
dhoni	108	pilot_pool	धोनी	ढोनी	धोनि	धोणी
lo	107	pilot_pool	लो	एलओ	लू	लॉ
iss	106	pilot_pool	आईएस	इस	इस्स	आईएसस
chal	105	pilot_pool	चल	चाल	छल	छाल
kab	105	pilot_pool	कब	काब	कैब	कब्‌
mai	105	pilot_pool	मई	माई	मै	माइ
kahan	104	pilot_pool	कहन	कहां	कहान	काहन
kejriwal	104	pilot_pool	केजरीवाल	केजरिवाल	केज्रीवाल	खेजरीवाल
itna	102	pilot_pool	इतना	इटना	इत्ना	इतनां
khud	102	pilot_pool	खुद	खुड़	ख़ुद	खूद
tumhare	102	pilot_pool	तुम्हारे	तुम्हरे	तुमहारे	तुमहरे
hote	100	pilot_pool	होते	होटे	होत	होट
apni	99	pilot_pool	अपनी	आपनी	अप्नी	अप्नि
shaadi	97	pilot_pool	शादी	शादि	शाड़ी	षाड़ी
gayi	95	pilot_pool	गयी	गई	गाई	गाइ
karta	91	pilot_pool	करता	कर्ता	कार्ता	कारता
raat	89	pilot_pool	रात	राट	राठ	रत
theek	88	pilot_pool	ठीक	थीक	तीक	टीक
wali	87	pilot_pool	वाली	वली	वालि	वलि
yahan	87	pilot_pool	यहां	यहान	यहाँ	यहन
rahul	86	pilot_pool	राहुल	राहूल	रहुल	रहूल
sakta	86	pilot_pool	सकता	सक्ता	साकता	सक्त
jai	84	pilot_pool	जाई	जई	जै	जाइ
di	83	pilot_pool	दी	दि	दीई	डि
saal	83	pilot_pool	साल	सॉल	शाल	सल
dekho	82	pilot_pool	देखो	देखों	डेखो	देको
jaa	81	pilot_pool	जा	ज़ा	जेए	ज
kaun	81	pilot_pool	कौन	कौं	काउन	कॉन
waise	81	pilot_pool	वैसे	वाइसे	वाइस	वाइज
ladki	80	pilot_pool	लड़की	लडकी	लड्की	लड़कि
sath	80	pilot_pool	साथ	सथ	सत	सठ
hue	78	override_list	हुए	हूए	हुई	हू
achha	77	pilot_pool	अछा	अच्छ	आछा	अछ
samajh	77	pilot_pool	समझ	समाझ	समझ्‌	संझ
thoda	76	pilot_pool	थोड़ा	थोडा	थोदा	ठोड़ा
bada	75	pilot_pool	बड़ा	बादा	बाडा	बदा
arvindkejriwal	74	pilot_pool	अरविंदकेजरीवाल	अरविन्दकेजरीवाल	अरविंदकेजरिवाल	अरविन्दकेजरिवाल
itni	74	pilot_pool	इतनी	इटनी	आईटीएनआई	आईटीनी
paas	74	pilot_pool	पास	पाँस	पांस	पस
aata	73	pilot_pool	आता	आटा	आत	आट
bana	73	pilot_pool	बना	बाना	बाणा	बन
matlab	73	pilot_pool	मतलब	मतलाब	मातलब	मत्लब
bjp	72	pilot_pool	बीजेपी	बिजेपी	वीजेपी	भीजेपी
ja	72	pilot_pool	जा	ज	जेए	ज्‌
jeet	72	pilot_pool	जीत	जित	जीट	जेट
aage	71	pilot_pool	आगे	आगें	अगे	आग
jaise	71	pilot_pool	जैसे	जयसे	जेसे	जेस
pyaar	71	pilot_pool	प्यार	पयार	प्यार्‌	पियार
kr	71	override_list	कर	कोर	कर्‌	क्र
dete	70	pilot_pool	देते	डेटे	डेते	देटे
tumhe	70	pilot_pool	तुम्हे	तुमहे	तूम्हे	टुम्हे
aapke	69	pilot_pool	आपके	आपकें	आप्के	अपके
teri	69	pilot_pool	तेरी	टेरी	तेरि	तेरीं
uske	69	pilot_pool	उसके	उस्के	ऊसके	उसकें
yaha	69	pilot_pool	याहा	यहा	यह	याह
maa	68	pilot_pool	मा	माँ	म	म्‌
apna	67	pilot_pool	अपना	आपना	अप्ना	अपनां
gayee	67	pilot_pool	गयी	गई	गाई	गाइ
kha	66	pilot_pool	खा	ख	ख़ा	ख्‌
nai	66	pilot_pool	नई	नाई	नाइ	नै
tripletalaq	66	pilot_pool	ट्रिपलतलक	त्रिपलेतलक	ट्रिपलतालक	ट्रिपलतलक़
duniya	65	pilot_pool	दुनिया	दूनिया	दुनियाँ	दनिया
jnu	65	pilot_pool	जेएनयू	जनू	जनु	जनूं
twinitisha	65	pilot_pool	ट्विनिटिशा	ट्विनिटीशा	ट्विनीटिशा	ट्विनिटिश
aaye	64	pilot_pool	आये	आए	आई	आय
dono	64	pilot_pool	डोनो	दोनों	दोनो	डोनों
haath	64	pilot_pool	हाथ	हाठ	हात	हाँठ
hamesha	63	pilot_pool	हमेशा	हंमेशा	हमेषा	हमेश
jata	63	pilot_pool	जाता	जता	जाटा	जटा
band	63	override_list	बंद	बांद	बांड	बन्द
hogi	62	pilot_pool	होगी	होगि	हॉगी	हौगी
kyun	62	pilot_pool	क्यून	क्यूँ	क्यूं	क्युन
aati	61	pilot_pool	आती	आति	आटी	आटि
gya	61	pilot_pool	ग्या	ज्ञ	ग्य	गय
iamgunjangrunge	61	pilot_pool	इयामगुंजांगरुंगे	इमगुंजांगरुंगे	ईमगुंजांगरुंगे	इयामगुंजांगरुंज
ni	61	override_list	नी	नि	नाई	नीं
hui	60	pilot_pool	हुई	हुइ	हूई	हूइ
sakte	60	pilot_pool	सकते	सक्ते	साकते	सकतें
chuka	59	pilot_pool	चुका	चूका	चुक	छुका
kyaukhaadlega	58	pilot_pool	क्यौखादलेगा	क्यौखाद्लेगा	क्यौखाड़लेगा	क्याउखादलेगा
lete	58	pilot_pool	लेते	लेटे	लीट	लेट
logon	58	pilot_pool	लोगों	लोगोन	लॉगों	लोगो
notebandi	58	pilot_pool	नोटबंदी	नोटबन्दी	नोटेबंदी	नोटबन्दि
chhod	57	pilot_pool	छोड़	छोड	छोद	छौड़
kare	57	pilot_pool	करे	कारे	करें	कैरे
subah	57	pilot_pool	सुबह	सुबाह	सूबाह	सुबा
aate	56	pilot_pool	आते	आटे	आतें	अते
defucktivehumor	56	pilot_pool	डिफक्टिवह्यूमोर	डिफक्टिवह्यूमर	डिफक्टिवह्युमोर	डीफक्टिवह्यूमोर
hamare	56	pilot_pool	हमारे	हमरे	हामारे	हामरे
khatam	56	pilot_pool	खतम	खातम	खतम्‌	खटम
nahin	56	pilot_pool	नहीं	नाहिन	नाहीं	नहिं
tumne	56	pilot_pool	तुमने	तुम्ने	टुमने	टमने
aapne	55	pilot_pool	आपने	अपने	आपनें	आपणे
bohot	55	pilot_pool	बोहोत	बोहोट	बहोत	बोहट
chalo	55	pilot_pool	चलो	चालो	चलों	छलो
indvssa	55	pilot_pool	इंडवासा	इंडव्सा	इंडवसा	इंडवस्सा
jaan	55	pilot_pool	जान	जाँ	जां	जाण
jao	55	pilot_pool	जाओ	जो	जाउ	जओ
bhar	54	pilot_pool	भर	भार	भर्‌	बहर
dena	54	pilot_pool	देना	डेना	डीना	देनां
kitne	54	pilot_pool	कितने	किटने	कीटने	कित्ने
lekin	54	pilot_pool	लेकिन	लैकिन	लेकिंग	लेकीन
bahar	53	pilot_pool	बाहर	बहर	बहार	भाहर
magar	53	pilot_pool	मगर	मागर	मगार	मागार
nikal	53	pilot_pool	निकल	निकाल	नीकल	निकल्‌
sharma	53	pilot_pool	शर्मा	शरमा	शारमा	शर्म
walo	53	pilot_pool	वालो	वलो	वेलो	वॉलो
aajkal	52	pilot_pool	आजकल	आजकाल	आज्कल	अजकल
aane	52	pilot_pool	आने	आनें	आणे	अने
aisi	52	pilot_pool	ऐसी	आइसी	आईसी	आईसीआई
baap	52	pilot_pool	बाप	बॉप	बैप	बाप्‌
itne	52	pilot_pool	इतने	इटने	इत्ने	इतनें
sach	52	pilot_pool	सच	साच	सैच	साक
usse	52	pilot_pool	उस्से	उसे	उससे	उस्सें
your	52	pilot_pool	यूर	योर	यौर	युर
aapko	51	pilot_pool	आपको	आपकों	आप्को	अपको
arre	51	pilot_pool	अर्रे	अरे	आर्रे	अर्र
dekha	51	pilot_pool	देखा	देख	डेखा	देखे
gurmeetramrahim	51	pilot_pool	गुरमीत्रमरहिम	गुरमीत्रमरहीम	गुरमीतरामरहिम	गुरुमीत्रमरहिम
hathwalathakur	51	pilot_pool	हथवालाठाकुर	हथवालाठाकूर	हाथवालाठाकुर	हथवलाठाकुर
khush	51	pilot_pool	खुश	ख़ुश	खूश	खुश्‌
shuru	51	pilot_pool	शुरू	शुरु	शूरू	शूरु
chale	50	pilot_pool	चले	चाले	छाले	छले
rakha	50	pilot_pool	रखा	राखा	रख	राख
aapki	49	pilot_pool	आपकी	आपकि	आप्की	अपकी
bina	49	pilot_pool	बिना	बीना	बिन	बीन
cheez	49	pilot_pool	चीज	चीज़	चीझ	चिज
daaru	49	pilot_pool	दारू	दारु	डारू	डारु
jaldi	49	pilot_pool	जल्दी	जलदी	जल्दि	जालदी
kuchh	49	pilot_pool	कुछ	कूछ	कच्छ	कछ
hogaya	48	pilot_pool	होगया	होगाया	होग्या	होगय
karke	48	pilot_pool	करके	कारके	कर्के	करकें
kohli	48	pilot_pool	कोहली	कोह्ली	कोली	कोहलि
muh	48	pilot_pool	मुह	मुँह	मूह	मह
aao	47	pilot_pool	आओ	एएओ	अओ	एओ
deta	47	pilot_pool	देता	डेटा	देटा	देतां
gaali	47	pilot_pool	गाली	गालि	ग़ाली	गली
galat	47	pilot_pool	गलत	गालत	ग़लत	गलात
isse	47	pilot_pool	इस्से	इसे	ईस्से	इस्स
uska	47	pilot_pool	उसका	उस्का	ऊसका	उस्के
haar	46	pilot_pool	हार	हर	हार्‌	हॉर
janta	46	pilot_pool	जनता	जानता	जन्ता	जंता
jaye	46	pilot_pool	जाए	जाये	जये	जय
khushi	46	pilot_pool	खुशी	ख़ुशी	खूशी	खुशि
kitna	46	pilot_pool	कितना	किटना	कीटना	कित्ना
mila	46	pilot_pool	मिला	मीला	मिल	माइला
soch	46	pilot_pool	सोच	सौच	सॉच	शोच
saare	45	pilot_pool	सारे	सारें	सरे	सार
they	45	pilot_pool	थे	थेय	ठे	ठेय
zindagi	45	pilot_pool	जिंदगी	ज़िंदगी	ज़िन्दगी	जिन्दगी
bilkul	44	pilot_pool	बिल्कुल	बिलकुल	बिलकूल	बीलकुल
bolshoybooze	44	pilot_pool	बोलशोयबूज़े	बोलशॉयबूज	बोलशॉयबूज़	बॉलशॉयबूज़
hona	44	pilot_pool	होना	होणा	होन	होण
naa	44	pilot_pool	ना	न	ऩा	नाँ
tumhara	44	pilot_pool	तुम्हरा	तुमहारा	तुम्हार	तुमहरा
dishasatra	43	pilot_pool	दिशासत्र	दिशासत्रा	दिशासात्र	दिशसत्र
jaate	43	pilot_pool	जाते	जातें	जाटे	जते
jyada	43	pilot_pool	ज्यादा	ज्याडा	ज्याड़ा	ज्याद
kharab	43	pilot_pool	खराब	खरब	ख़रब	खारब
mata	43	pilot_pool	माता	माटा	मता	मटा
pasand	43	pilot_pool	पसंद	पसन्द	पासंद	पासंड
aadmi	42	pilot_pool	आदमी	आदमि	आद्मी	आद्मि
dene	42	pilot_pool	देने	डेने	डीन	देणे
tarah	42	pilot_pool	तरह	तराह	तारह	तारा
uski	42	pilot_pool	उसकी	उस्की	ऊसकी	उस्कि
yearofrat	42	pilot_pool	यीयरोफ्रैट	यियरोफ्रैट	यरोफ्रैट	येयरोफ्रैट
dekhne	41	pilot_pool	देखने	देखनें	देख्ने	देखणे
jaata	41	pilot_pool	जाता	जात	जाटा	जाट
jagah	41	pilot_pool	जगह	जगाह	जागह	जगह्‌
khana	41	pilot_pool	खाना	खना	खान	खन
nitish	41	pilot_pool	नीतीश	नितीश	नितिश	नीतिश
singh	41	pilot_pool	सिंह	सिंघ	सिंग	सिंध
aayega	40	pilot_pool	आएगा	आयेगा	आइएगा	आयगा
baaki	40	pilot_pool	बाकी	बाकि	बाखी	बकी
bhaijaan	40	pilot_pool	भाईजान	भैजान	भाइजान	भैजां
dekhna	40	pilot_pool	देखना	देखणा	देख्ना	डेखना
diwali	40	pilot_pool	दिवाली	दीवाली	दीवली	डिवाली
likha	40	pilot_pool	लिखा	लीखा	लिख	लिका
naya	40	pilot_pool	नया	नाया	नेया	नय
rha	40	pilot_pool	रहा	रह	राह	रह्‌
sabko	40	pilot_pool	सबको	साबको	सबकों	सब्को
sabse	40	pilot_pool	सबसे	साबसे	सब्से	सबसें
tumhari	40	pilot_pool	तुम्हारी	तुम्हरी	तुमहारी	तुमहरी
iske	39	pilot_pool	इसके	इस्के	ईसके	इसकें
lagi	39	pilot_pool	लगी	लागी	लगि	लागि
samaj	39	pilot_pool	समाज	समज	सामाज	सामज
suna	39	pilot_pool	सुना	सूना	सुन	सून
alag	38	pilot_pool	अलग	अलाग	अलग्‌	आलग
ap	38	pilot_pool	एपी	आप	एप	अप
bhaiya	38	pilot_pool	भैया	भइया	भाइया	भईया
diye	38	pilot_pool	दिये	दिए	डिए	डिये
jaati	38	pilot_pool	जाती	जाति	जातीं	जाटी
karti	38	pilot_pool	करती	कर्ती	कार्ति	कर्ति
khel	38	pilot_pool	खेल	खेल्‌	खैल	खल
pak	38	pilot_pool	पाक	पक	पैक	पक्‌
virat	38	pilot_pool	विराट	विरत	वीरत	विरात
vo	38	pilot_pool	वो	वीओ	वों	व्‌
waqt	38	pilot_pool	वक्त	वक़्त	वकत	वक़त
badi	37	pilot_pool	बड़ी	बादी	बडी	बाडी
baje	37	pilot_pool	बजे	बाजे	बजें	बेज
chala	37	pilot_pool	चला	चाला	छाला	छला
jaane	37	pilot_pool	जाने	जानें	जाणे	ज़ाने
maza	37	pilot_pool	मज़ा	मजा	माज़ा	माजा
modiji	37	pilot_pool	मोदीजी	मोदिजी	मौदीजी	मोडीजी
saari	37	pilot_pool	सारी	सारि	सारे	सरी
shaam	37	pilot_pool	शाम	षाम	साम	शम
achhi	36	pilot_pool	अछि	अछी	आछी	अछीं
holi	36	pilot_pool	होली	होलि	हॉली	हौली
jayega	36	pilot_pool	जाएगा	जायेगा	जयेगा	जएगा
lage	36	pilot_pool	लगे	लागे	लगें	लेज
aana	35	pilot_pool	आना	आणा	आन	अना
abe	35	pilot_pool	अबे	आबे	एबीई	अबें
baki	35	pilot_pool	बाकी	बकी	बाकि	बकि
daal	35	pilot_pool	डाल	दाल	ड़ाल	डॉल
dost	35	pilot_pool	दोस्त	डोस्ट	दस्त	डॉस्ट
jaaye	35	pilot_pool	जाए	जाये	जाएँ	जाएं
karega	35	pilot_pool	करेगा	कारेगा	करेग	करीगा
padega	35	pilot_pool	पड़ेगा	पडेगा	पदेगा	पड़ेगे
zara	35	pilot_pool	ज़रा	जरा	जारा	ज़ार
acha	34	pilot_pool	अचा	आचा	अछा	अच
batao	34	pilot_pool	बताओ	बटाओ	बताओं	बाटाओ
dilli	34	pilot_pool	दिल्ली	डिल्ली	दिली	डिली
honge	34	pilot_pool	होंगे	हौंगे	होंग	हॉन्ज
isiliye	34	pilot_pool	इसीलिए	इसिलिए	इसिलिये	इसीलिये
rhe	34	pilot_pool	रहे	र्हे	रेह	रह
roz	34	pilot_pool	रोज	रोज़	रॉज	रोझ
upar	34	pilot_pool	उपर	ऊपर	उपार	उपर्‌
waah	34	pilot_pool	वाह	वाँह	वह	वाः
wapas	34	pilot_pool	वापस	वापास	वापा	वेपास
bhagwan	33	pilot_pool	भगवान	भागवान	भगवां	भगवन
galti	33	pilot_pool	गलती	गल्ती	गाल्टी	गल्टी
jana	33	pilot_pool	जाना	जना	जान	जन
kaafi	33	pilot_pool	काफी	काफि	कॉफी	कफी
ladkiyon	33	pilot_pool	लड़कियों	लडकियों	लड्कियों	लड़कियो
nitishkanaklivikas	33	pilot_pool	नितिष्कनकलिविकास	नीतिष्कनकलिविकास	नीतिशकनकलिविकास	नितीशकनकलिविकास
rahulgandhi	33	pilot_pool	राहुलगांधी	राहुलगंधी	राहूलगांधी	राहुलगांधि
wahi	33	pilot_pool	वही	वाही	वाहि	वहि
warna	33	pilot_pool	वरना	वारना	वार्ना	वर्णा
andar	32	pilot_pool	अंदर	अन्दर	अंदार	अंडार
bolta	32	pilot_pool	बोलता	बोल्टा	बोल्ता	बोलटा
bolte	32	pilot_pool	बोलते	बोल्ते	बोल्टे	बोलटे
iska	32	pilot_pool	इसका	इस्का	ईस्का	इस्के
kahin	32	pilot_pool	कहीं	कहिन	कहिं	काहिन
karenge	32	pilot_pool	करेंगे	करेंगें	करेगे	करेगें
kiye	32	pilot_pool	किये	किए	कीये	कीए
leke	32	pilot_pool	लेके	लीक	लेक	लैके
padta	32	pilot_pool	पड़ता	पाड़ता	पडता	पदता
sahab	32	pilot_pool	साहब	सहाब	सहब	शाहब
zaroor	32	pilot_pool	ज़रूर	जरूर	ज़रुर	ज़ारूर
aapka	31	pilot_pool	आपका	आप्का	अपका	आपक
beti	31	pilot_pool	बेटी	बेती	बेटि	बेटीं
bhabhi	31	pilot_pool	भाभी	भभी	भाभि	भभि
haal	31	pilot_pool	हाल	हाल्‌	हॉल	हल
kahi	31	pilot_pool	कही	काही	कहि	काहि
lene	31	pilot_pool	लेने	लीन	लेन	लिन
mauka	31	pilot_pool	मौका	मोका	मौक	मऊका
pagal	31	pilot_pool	पागल	पगल	पगाल	पैगल
shakal	31	pilot_pool	शकल	शाकल	शकाल	शाकाल
tumko	31	pilot_pool	तुमको	तुम्को	टुमको	टुम्को
achcha	30	pilot_pool	अच्छ	अच्च	अछा	अचा
bacha	30	pilot_pool	बचा	बाचा	बाछा	बच
bhej	30	pilot_pool	भेज	बेज	भज	बहेज
bhool	30	pilot_pool	भूल	भुल	बूल	भोल
dimaag	30	pilot_pool	दिमाग	दीमाग	डिमाग	दमाग
isko	30	pilot_pool	इसको	इस्को	ईस्को	इसकों
jate	30	pilot_pool	जाते	जते	जटे	जेट
mana	30	pilot_pool	माना	मना	माणा	मन
officeofrg	30	pilot_pool	आफीसॉफ़र्ग	आफिसअफ़र्ग	आफीसॉफर्ग	आफीसओफ्र्ग
poojamissra	30	pilot_pool	पूजामिस्र	पूजामिसरा	पूजामिश्र	पूजामिस्रा
rehta	30	pilot_pool	रहता	रेहता	रेहटा	रहटा
roflaala	30	pilot_pool	रोफलाला	रोफलाल	रोफ़लाल	रॉफलाला
bandh	29	pilot_pool	बांध	बंध	बन्ध	बाँध
behen	29	pilot_pool	बेहें	बहन	बहें	बेहन
bolne	29	pilot_pool	बोलने	बोल्ने	बोलनें	बॉलने
chalta	29	pilot_pool	चलता	चालता	चाल्टा	चालटा
chalu	29	pilot_pool	चालू	चलू	चालु	चलु
kitanurag	29	pilot_pool	कीटाणुराग	कीटानुराग	कितानुराग	किटाणुराग
kitni	29	pilot_pool	कितनी	किटनी	कित्नी	कीटनी
milta	29	pilot_pool	मिलता	मिल्टा	मिल्ता	मिलटा
paani	29	pilot_pool	पानी	पाणी	पाणि	पानि
pahle	29	pilot_pool	पहले	पाहले	पहलें	पह्ले
taraf	29	pilot_pool	तरफ	तरफ़	तराफ	तारफ
tweeterrant	29	pilot_pool	ट्वीटरेंट	ट्विटरेंट	ट्वीटेरेंट	ट्वीटरंट
unhe	29	pilot_pool	उन्हे	ऊन्हे	उनहे	ऊंहे
insaan	28	pilot_pool	इंसान	इन्सान	इनसान	इंसां
ise	28	pilot_pool	इसे	आईएसई	आइएसई	ईसे
kapoor	28	pilot_pool	कपूर	कापूर	कापुर	कपुर
karwa	28	pilot_pool	करवा	कारवा	कर्वा	करवां
ladke	28	pilot_pool	लड़के	लडके	लाड़के	लादके
lekar	28	pilot_pool	लेकर	लेकार	लीकर	लैकर
leta	28	pilot_pool	लेता	लेटा	लीटा	लेट
padh	28	pilot_pool	पढ़	पढ	पध	पढ्‌
pura	28	pilot_pool	पूरा	पुरा	पुर	पूर
thodi	28	pilot_pool	थोड़ी	थोडी	ठोड़ी	थोदी
yehi	28	pilot_pool	येही	यही	येहि	एही
badal	27	pilot_pool	बदल	बादल	बदाल	बडाल
biwi	27	pilot_pool	बीवी	बिवी	बिवि	बीवि
chai	27	pilot_pool	चाई	चै	चाइ	चई
hamari	27	pilot_pool	हमारी	हमरी	हमारि	हामरी
iski	27	pilot_pool	इसकी	इस्की	इस्कि	इस्काई
mahine	27	pilot_pool	महीने	महिने	माहिने	माहीने
nazar	27	pilot_pool	नज़र	नज़ार	नजार	नाज़र
om	27	pilot_pool	ओम	ओएम	ओम्‌	ओं
wohi	27	pilot_pool	वोही	वोहि	वही	वॉही
achhe	26	pilot_pool	अछे	अच्छे	अछें	आछे
baare	26	pilot_pool	बारे	बारें	बरे	वारे
baatein	26	pilot_pool	बातें	बाटें	बातेँ	बातैं
bajrangi	26	pilot_pool	बजरंगी	बाजरंगी	बजरांगी	बजरंगीं
chup	26	pilot_pool	चुप	छुप	चूप	चप
inhe	26	pilot_pool	इन्हे	इंहे	ईन्हे	इनहे
jaisa	26	pilot_pool	जैसा	जेसा	जाइसा	जयसा
likh	26	pilot_pool	लिख	लीख	लिख्‌	लिक
poora	26	pilot_pool	पूरा	पुरा	पूर	पोरा
rakh	26	pilot_pool	रख	राख	रख्‌	रख़
sare	26	pilot_pool	सारे	सरे	सेर	सैर
usko	26	pilot_pool	उसको	उस्को	उसकों	उस्कों
yar	26	pilot_pool	यार	यर	यार्‌	येर
guessthesong	25	pilot_pool	गुएसस्थेसोंग	गेस्थेसोंग	गुएस्स्थेसोंग	गेस्थेसांग
gye	25	pilot_pool	ग्ये	गये	गे	गेय
jahan	25	pilot_pool	जहां	जहान	जहन	जहाँ
kasam	25	pilot_pool	कसम	कासम	कसाम	कस्म
khane	25	pilot_pool	खाने	खने	खाणे	खणे
krte	25	pilot_pool	करते	कर्ते	कृते	करतें
maaf	25	pilot_pool	माफ	माफ़	मॉफ	मफ
mili	25	pilot_pool	मिली	मिलि	मीली	मिलीं
neend	25	pilot_pool	नींद	निंद	नीन्द	निन्द
reh	25	pilot_pool	रेह	रह	रीह	रिह
socha	25	pilot_pool	सोचा	सोच	सौचा	शोचा
wahan	25	pilot_pool	वाहन	वहन	वहान	वहां
aaja	24	pilot_pool	आजा	आज	अजा	आज़ा
aam	24	pilot_pool	आम	एएम	आम्‌	अम
achche	24	pilot_pool	अच्छे	अच्चे	अछ्छे	अछे
bachpan	24	pilot_pool	बचपन	बचपान	बाचपन	बैचपन
gaadi	24	pilot_pool	गाड़ी	गादी	गाडी	गाड़ि
hoon	24	pilot_pool	हूँ	हूं	हून	हुन
jayegi	24	pilot_pool	जाएगी	जयेगी	जएगी	जाएगि
kehte	24	pilot_pool	कहते	केहते	केहटे	कहटे
krne	24	pilot_pool	करने	कर्णे	कर्ने	केआरने
raho	24	pilot_pool	रहो	राहो	रहों	रेहो
sarkaar	24	pilot_pool	सरकार	सर्कार	सारकार	सरकर
ham	24	override_list	हम	हैम	हाम	हम्‌
apko	23	pilot_pool	आपको	अपको	अपकों	आपकों
chali	23	pilot_pool	चली	चाली	चलि	छली
dekhte	23	pilot_pool	देखते	देख्ते	देख़ते	देखतें
denge	23	pilot_pool	देंगे	डेंगे	देंगें	ढेंगे
deti	23	pilot_pool	देती	डेटी	देति	डेती
farzipatrakarravishkumar	23	pilot_pool	फर्जीपत्रकारराविषकुमार	फर्जीपत्रकारराविशकुमार	फर्जीपत्रकाररविषकुमार	फरजीपत्रकारराविशकुमार
izzat	23	pilot_pool	इज्जत	इज्ज़त	इज़्ज़त	इजत
keh	23	pilot_pool	केह	कह	के	कीह
milte	23	pilot_pool	मिलते	मिल्ते	मिल्टे	मिलटे
mujhse	23	pilot_pool	मुझसे	मुज़से	मुझ्से	मूझसे
paaji	23	pilot_pool	पाजी	पाज़ी	पाँजी	पाजि
prabhu	23	pilot_pool	प्रभु	प्रभू	परभु	प्राभु
sabhi	23	pilot_pool	सभी	सभि	साभी	साभि
sallu	23	pilot_pool	सल्लू	सल्लु	सालू	सलू
sarkar	23	pilot_pool	सरकार	सरकर	सारकर	सर्कर
walon	23	pilot_pool	वालों	वालोन	वलों	वॉलन
baj	22	pilot_pool	बाज	बज	बज्‌	बज़
balliawalebaba	22	pilot_pool	बल्लियावालेबाबा	बलियावालेबाबा	बल्लियावलेबाबा	बलियावलेबाबा
banaya	22	pilot_pool	बनाया	बानाया	बनया	बनायां
dar	22	pilot_pool	दर	दार	डार	दर्‌
gyi	22	pilot_pool	गी	ग्यी	ज्ञी	ग्यि
hamara	22	pilot_pool	हमारा	हमरा	हमारे	हामरा
hogayi	22	pilot_pool	होगाई	होगयी	होगई	होगाइ
imvkohli	22	pilot_pool	इम्वकोहली	इमवकोहली	इंवकोहली	इम्वकोहलि
isme	22	pilot_pool	इसमे	इसमें	इस्मे	इस्में
jaega	22	pilot_pool	जाएगा	जैगा	जेगा	जएगा
jaisi	22	pilot_pool	जैसी	जेसी	जाइसी	जयसी
kyunki	22	pilot_pool	क्यूंकि	क्यूंकी	क्युंकी	क्युनकी
mahadev	22	pilot_pool	महादेव	महदेव	माहदेव	महादेब
mannkibaat	22	pilot_pool	मनकीबात	मन्नकीबात	मन्नकिबात	मननकीबात
milti	22	pilot_pool	मिलती	मिल्टी	मिल्ती	मिलटी
pakka	22	pilot_pool	पक्का	पक्क	पका	पाका
peeche	22	pilot_pool	पीछे	पीचे	पींछे	पींचे
peene	22	pilot_pool	पीने	पीणे	पीनें	पिने
poori	22	pilot_pool	पूरी	पूरि	पुरी	पोरी
sachin	22	pilot_pool	सचिन	सचीन	साचिन	सचीं
sar	22	pilot_pool	सर	सार	सर्‌	सार्‌
scratchysingh	22	pilot_pool	स्क्रैचीसिंह	स्क्रेचीसिंह	स्क्राचीसिंह	स्क्रैचिसिंह
singhlicious	22	pilot_pool	सिंघलिशियस	सिंघलीशियस	सिंहलिशियस	सिंहलीशियस
thik	22	pilot_pool	थिक	ठीक	ठिक	तिक
unke	22	pilot_pool	उनके	उंके	ऊंके	ऊनके
zaroorat	22	pilot_pool	ज़रूरत	जरूरत	ज़ारूरत	ज़रुरत
zoomphatak	22	pilot_pool	ज़ूमफटक	ज़ूमफाटक	ज़ूमफ़टक	जूमफाटक
aanchalator	21	pilot_pool	आंचलतोर	आँचलतोर	आंचलटोर	आँचलटोर
aapse	21	pilot_pool	आपसे	आप्से	आपसें	अपसे
aayi	21	pilot_pool	आई	आयी	आइ	आयि
advancedmaushi	21	pilot_pool	एडवांस्डमौशी	अडवांस्डमौशी	एडवांसडमौशी	एडवांस्डमौशि
badhai	21	pilot_pool	बढाई	बधाई	बढई	बढ़ै
badliyesarkarbadliyebihar	21	pilot_pool	बदलियेसरकारबदलियेबिहार	बदलियेसरकारबदलीयेबिहार	बदलीयेसरकारबदलियेबिहार	बदलियेसरकारबदलिएबिहार
banane	21	pilot_pool	बनने	बनाने	बानने	बननें
bhaiyyajispeaks	21	pilot_pool	भैय्याजिस्पीक्स	भैय्याजिसपीक्स	भैय्याजीस्पीक्स	भैय्याजीसपीक्स
chahe	21	pilot_pool	चाहे	चहे	छहे	चहें
daru	21	pilot_pool	दारू	दारु	डारू	दरू
dila	21	pilot_pool	दिला	दीला	डिला	दिलां
huee	21	pilot_pool	हुई	हूई	हुए	हुइ
indvsaus	21	pilot_pool	इंडवसॉस	इंडव्सॉस	इंडवसास	इंडवसौस
jee	21	pilot_pool	जी	जेई	जे	जि
jita	21	pilot_pool	जीता	जिता	जीत	जित
kara	21	pilot_pool	करा	कर	कार	कर्‌
ladkiya	21	pilot_pool	लड़किया	लडकिया	लड्किया	लड़कीय
ladkiyo	21	pilot_pool	लड़कियो	लडकियों	लडकियो	लड़किओ
rahega	21	pilot_pool	रहेगा	रहगा	रहेग	रहेगे
rehte	21	pilot_pool	रहते	रेहते	रेहटे	रहटे
zaroori	21	pilot_pool	ज़रूरी	जरूरी	ज़रुरी	ज़रूरि
aye	20	pilot_pool	आये	आए	अये	अए
bhagwaan	20	pilot_pool	भगवान	भगवान्‌	भगवां	भागवान
bizzarebhide	20	pilot_pool	बिज्जारेभिडे	बिज्ज़ारेभिडे	बिज्जरेभिडे	बिज़्ज़ारेभिडे
bunlimted	20	pilot_pool	बनलिम्टेड	बनलिमटेड	बनलिम्टिड	बनलिंटेड
chalega	20	pilot_pool	चलेगा	चालेगा	छलेगा	चलेग
chor	20	pilot_pool	चोर	छोर	चौर	कोर
gaaliya	20	pilot_pool	गालिया	गलिया	गालिय	गालीय
gareeb	20	pilot_pool	गरीब	ग़रीब	गारीब	गरिब
ghanta	20	pilot_pool	घंटा	घण्टा	घन्टा	घांटा
goodbyenitishkumar	20	pilot_pool	गुडबाइनिटिशकुमार	गुडब्येनिटिशकुमार	गुडबायनिटिशकुमार	गुडबायनीतीशकुमार
humne	20	pilot_pool	हमने	हुमने	हम्ने	हमनें
inke	20	pilot_pool	इनके	इंके	ईंके	इंक
inko	20	pilot_pool	इनको	इंको	इन्को	इंकों
isliye	20	pilot_pool	इसलिए	इसलिये	इस्लिए	इस्लीए
kaat	20	pilot_pool	काट	कात	कॉट	कट
karni	20	pilot_pool	करनी	कर्णी	कर्नी	कारनी
kon	20	pilot_pool	कोन	कों	कोण	कॉन
pade	20	pilot_pool	पड़े	पदे	पडे	पाडे
padi	20	pilot_pool	पड़ी	पदी	पाडी	पडी
puch	20	pilot_pool	पूछ	पुच	पुछ	पच
rhi	20	pilot_pool	रही	रहि	र्ही	ढ़ी
rowdytalks	20	pilot_pool	राउडीताल्क्स	राउडीटाल्क्स	राउडीतालक्स	राउडीताल्कों
ruchikokcha	20	pilot_pool	रुचिकोकचा	रूचिकोकचा	रुचीकोकचा	रुचिकोक्चा
saamne	20	pilot_pool	सामने	साम्ने	सामनें	सांने
shayad	20	pilot_pool	शायद	शयाद	शयद	शायाद
tabhi	20	pilot_pool	तभी	ताभी	तभि	टाभी
thode	20	pilot_pool	थोड़े	थोडे	थोदे	थोड
usne	20	pilot_pool	उसने	उस्ने	ऊसने	उसनें
aagaya	19	pilot_pool	आगया	आगय	आगाया	अगया
aansu	19	pilot_pool	आंसू	आँसू	आंसु	आँसु
arunjaitley	19	pilot_pool	अरुणजेटली	अरुणजैतले	अरुणजैतली	अरुंजैतले
aya	19	pilot_pool	आया	अया	एया	अय
dekhi	19	pilot_pool	देखी	देखि	देखीं	डेखी
dimag	19	pilot_pool	दिमाग	दिमग	डिमाग	दीमाग
dont	19	pilot_pool	डोंट	डॉन्ट	डोन्ट	दोंत
dosti	19	pilot_pool	दोस्ती	दोस्ति	दोसती	डोस्टी
emo	19	pilot_pool	ईएमओ	इएमओ	इमो	एमो
ghante	19	pilot_pool	घंटे	घण्टे	घांटे	घन्टे
govt	19	pilot_pool	गोवत	गोव्ट	गॉव्ट	गोव्त
hardik	19	pilot_pool	हार्दिक	हार्डिक	हारदिक	हरदिक
jane	19	pilot_pool	जाने	जने	जेन	जनें
kaisa	19	pilot_pool	कैसा	कइसा	कैस	केसा
karoge	19	pilot_pool	करोगे	करोगें	कारोगे	करोग
khaane	19	pilot_pool	खाने	खाणे	खानें	खांने
kyon	19	pilot_pool	क्यों	क्योन	कयों	कयोन
lagti	19	pilot_pool	लगती	लागती	लग्ती	लगटी
maan	19	pilot_pool	मान	माँ	मां	माण
makeinindia	19	pilot_pool	मेकइनइंडिया	मेकिनइंडिया	मेकेनइंडिया	मेकनइंडिया
mohit	19	pilot_pool	मोहित	मोहीत	महित	मोहिट
namah	19	pilot_pool	नमाह	नमः	नमह	नामा
ndtv	19	pilot_pool	एनडीटीवी	एनडीटीव	एनडिटीवी	एनडीटीभी
pehli	19	pilot_pool	पहली	पेहली	पहेली	पाहली
priyancabajaj	19	pilot_pool	प्रियंकाबाजाज	प्रियंकाबजाज	प्रियंकाबाजज	प्रियांकाबाजज
saaf	19	pilot_pool	साफ	साफ़	सॉफ	सफ
unko	19	pilot_pool	उनको	उनकों	उंको	उन्को
bt	19	override_list	बीट	बीत	बिट	बट
badh	18	pilot_pool	बढ़	बाध	बध	बढ
baith	18	pilot_pool	बैठ	बैथ	बेथ	बाइथ
bakwaas	18	pilot_pool	बकवास	बक्वास	बाकवास	बखवास
banaye	18	pilot_pool	बनाए	बनाये	बनाएं	बनाएँ
beingsalmankhan	18	pilot_pool	बेइंगसलमानखान	बेइंगसल्मानखान	बैंगसलमानखान	बेइंगसलमानखां
bhakt	18	pilot_pool	भक्त	भक्त्‌	बक्त	भकत
chahte	18	pilot_pool	चाहते	चहते	चाहटे	छहते
darr	18	pilot_pool	दर्र	दर	डर्र	डार
hadh	18	pilot_pool	हद	हाध	हध	हढ़
hahahaha	18	pilot_pool	हहहहा	हहाहाहा	हहहाहा	हहहहाहा
honi	18	pilot_pool	होनी	होनि	होणी	हॉनी
iit	18	pilot_pool	आईआईटी	आइआईटी	इट	इत
ipl	18	pilot_pool	आईपीएल	आइपीएल	ईपीएल	इपीएल
jaana	18	pilot_pool	जाना	जान	जाणा	ज़ाना
jaegi	18	pilot_pool	जाएगी	जेगी	जैगी	जएगी
kaisi	18	pilot_pool	कैसी	काइसी	कैसि	कइसी
karan	18	pilot_pool	कारण	करन	करण	करान
kisne	18	pilot_pool	किसने	किस्ने	कीसने	किसनें
ladka	18	pilot_pool	लड़का	लडका	लड़के	लदका
nitishkachehradiveshsehra	18	pilot_pool	नितीष्कचेहरादिवेशसेहरा	नितिष्कचेहरादिवेशसेहरा	नितीशकचेहरादिवेशसेहरा	नितीष्काचेहरादिवेशसेहरा
pmoindia	18	pilot_pool	पीएमओइंडिया	पिएमओइंडिया	पीएमओइन्डिया	पीमोइंडिया
roti	18	pilot_pool	रोटी	रोती	रोति	रोटि
shaan	18	pilot_pool	शान	शाँ	शां	शाण
shadi	18	pilot_pool	शादी	शादि	शदी	शाडी
shukriya	18	pilot_pool	शुक्रिया	शुक्रिय	शुक्रीय	शुकरिया
tumse	18	pilot_pool	तुमसे	तुम्से	तमसे	टुमसे
umar	18	pilot_pool	उमर	उमार	उम्र	ऊमर
unka	18	pilot_pool	उनका	उंका	उन्का	ऊंका
aankh	17	pilot_pool	आंख	आँख	अंख	आंक
aayegi	17	pilot_pool	आएगी	आयेगी	आइएगी	आयगी
aj	17	pilot_pool	अज	आज	अज्‌	एजे
amit	17	pilot_pool	अमित	अमीत	आमित	अमिट
anushka	17	pilot_pool	अनुष्का	अनुष्क	अनुश्का	आनुष्का
badhiya	17	pilot_pool	बढ़िया	बढिया	बधिया	बाधिया
bhul	17	pilot_pool	भूल	भुल	बुल	भल
biharkajaichandshatrughan	17	pilot_pool	बिहारकाजैचंदशत्रुघ्न	बिहारकाजाईचंदशत्रुघ्न	बिहारकाजयचंदशत्रुघ्न	बिहारकाजयचन्दशत्रुघ्न
bolna	17	pilot_pool	बोलना	बोलणा	बोल्न	बोलन
dikha	17	pilot_pool	दिखा	दीखा	दिख	डिखा
drpoonam	17	pilot_pool	दर्पूनम	दर्पूणम्‌	द्र्पूणम	द्रपूनम
du	17	pilot_pool	डू	दू	दु	दूं
eid	17	pilot_pool	ईद	ईड	इड	ईड्‌
gayab	17	pilot_pool	गायब	गयाब	ग़ायब	गयब
huwe	17	pilot_pool	हुवे	हूवे	हुवें	हवे
khade	17	pilot_pool	खड़े	खडे	खादे	खाडे
khoon	17	pilot_pool	खून	खूँ	खूं	खुन
lalu	17	pilot_pool	लालू	लालु	ललू	ललु
lenge	17	pilot_pool	लेंगे	लैंगे	लेंग	लंगे
leti	17	pilot_pool	लेती	लेटी	लेति	लेटि
sambhal	17	pilot_pool	संभाल	संभल	सांभल	सम्भल
those	17	pilot_pool	ठोसे	थोस	थोसे	थोज
unki	17	pilot_pool	उनकी	उंकी	ऊंकी	उँकी
usi	17	pilot_pool	उसी	ऊसी	उसि	यूएस
waale	17	pilot_pool	वाले	वाली	वाएल	वाल
waha	17	pilot_pool	वाहा	वहा	वह	वाह
wajah	17	pilot_pool	वजह	वजाह	वाजह	वाजा
apki	16	pilot_pool	आपकी	अपकी	अप्कि	अप्की
arey	16	pilot_pool	अरे	आरे	एरे	अरेय
awaaz	16	pilot_pool	अवाज़	आवाज	आवाज़	अवाज
baitha	16	pilot_pool	बैठा	बैठ	बैथा	बेथा
chaiye	16	pilot_pool	चैये	चाइए	चइये	चैए
chhota	16	pilot_pool	छोटा	छोटे	छोट	छोता
chori	16	pilot_pool	चोरी	छोरी	चोरि	चौरी
chuke	16	pilot_pool	चुके	चूके	छुके	चके
chuki	16	pilot_pool	चुकी	चूकी	चुकि	छुकी
dino	16	pilot_pool	दिनो	डिनो	दीनो	डीनो
haaye	16	pilot_pool	हाए	हाये	हाएं	हाएँ
hadd	16	pilot_pool	हैड	हद्द	हेड	हड्ड
haramiparindey	16	pilot_pool	हरामीपरिंदे	हरामीपरिंदेय	हरमीपरिंदे	हरमीपरिंदेय
hath	16	pilot_pool	हाथ	हथ	हठ	हत
humko	16	pilot_pool	हमको	हुमको	हम्को	हमकों
incindia	16	pilot_pool	इंसिंडिया	इनसिंडिया	इन्सिंडिया	इंसिन्डिया
ishq	16	pilot_pool	इश्क	इश्क़	इस्क	इशक
kaash	16	pilot_pool	काश	काष	क़ाश	कास
kai	16	pilot_pool	कई	काई	कै	काइ
kajubadamchor	16	pilot_pool	काजूबदमचोर	काजूबादमचोर	काजुबदमचोर	काजुबादमचोर
kamaal	16	pilot_pool	कमाल	कमल	खमाल	कामल
kardo	16	pilot_pool	कार्डो	करदो	कर्दो	कर्डो
karu	16	pilot_pool	करू	कारू	करु	कारु
kidhar	16	pilot_pool	किधर	कीधार	कीधर	किधार
maal	16	pilot_pool	माल	मूल	मॉल	मल
milega	16	pilot_pool	मिलेगा	मिलेग	मीलेगा	मिलगा
msdhoni	16	pilot_pool	मसधोनी	मस्धोनी	एमएसडीहोनी	मोसधोनी
mushkil	16	pilot_pool	मुश्किल	मुशकिल	मुश्कील	मुस्किल
oinkoo	16	pilot_pool	ओइंकू	ओइनकू	ओइन्कू	ओइंको
padhai	16	pilot_pool	पढाई	पढई	पढ़ै	पढै
pappu	16	pilot_pool	पप्पू	पापू	पपू	पपु
poore	16	pilot_pool	पूरे	पुरे	पोरे	पूर
rahulonleave	16	pilot_pool	राहुलोनलीव	राहुलोंलीव	राहूलोनलीव	राहुलोनलिव
saara	16	pilot_pool	सारा	सार	सरा	सार्‌
samjha	16	pilot_pool	समझा	समझ	सामझा	संझा
sardesairajdeep	16	pilot_pool	सरदेसाईराजदीप	सरदेसाइराजदीप	सरदेसायराजदीप	सरदेसईराजदीप
sayshardik	16	pilot_pool	सायशारदिक	सायशार्दिक	सयशारदिक	सयशार्दिक
srbachchan	16	pilot_pool	सरबच्चन	श्रबच्चन	श्र्बच्चन	सर्बच्छन
ttrinadasgupta	16	pilot_pool	त्रिनदासगुप्त	तृणदासगुप्त	त्तृणदासगुप्त	तृणदासगुप्ता
utha	16	pilot_pool	उठा	उथा	उठ	ऊठा
aadat	15	pilot_pool	आदत	आदात	आड़त	अदत
aajtak	15	pilot_pool	आजतक	आज्तक	आजटक	आजातक
aakhir	15	pilot_pool	आखिर	आखीर	अखीर	अखिर
aankhon	15	pilot_pool	आंखों	आँखों	आँखो	आंखो
aansoo	15	pilot_pool	आंसू	आँसू	आंसु	आँसु
acche	15	pilot_pool	अच्छे	अच्चे	अछे	अचे
apka	15	pilot_pool	आपका	अपका	अप्का	अपकां
asli	15	pilot_pool	असली	अस्ली	आसली	अस्लि
babafirki	15	pilot_pool	बाबाफिरकी	बाबाफिर्की	बाबाफीरकी	बाबाफिर्कि
bhaiyya	15	pilot_pool	भैय्या	भैया	भइय्या	भैय्य
bloodykamina	15	pilot_pool	ब्लडीकामिना	ब्लडीकमीना	ब्लडीकमिना	ब्लडीकामीना
bro	15	pilot_pool	ब्रो	बरो	ब्रू	ब्रॉ
delhismog	15	pilot_pool	दिल्लीसमोग	डेल्हिसमोग	डेल्हीसमोग	दिल्लीस्मोग
dikh	15	pilot_pool	दिख	दीख	डिख	दिक
dusre	15	pilot_pool	दूसरे	दुसरे	दसरे	डुसरे
engineeroholic	15	pilot_pool	इंजिनियरोहोलिक	इंजीनियरोहोलिक	इंजिनियरोहॉलिक	इंजीनियरोहॉलिक
gabbbarsingh	15	pilot_pool	गब्बरसिंह	गब्ब्बरसिंह	गब्बारसिंह	गब्बारसिंग
hashtag	15	pilot_pool	हैशटैग	हैश्टैग	हैशटेग	हाश्टैग
humare	15	pilot_pool	हमारे	हुमरे	हमरे	हुमार
huwa	15	pilot_pool	हुवा	हुआ	हूवा	हवा
jawab	15	pilot_pool	जवाब	जावब	जावाब	जवब
jisne	15	pilot_pool	जिसने	जिस्ने	जीसने	जिसनें
kachua	15	pilot_pool	कछुआ	कचुआ	काचुआ	काछुआ
kamal	15	pilot_pool	कमल	कमाल	कामल	कामाल
kay	15	pilot_pool	के	काय	केए	कय
khabar	15	pilot_pool	खबर	खाबर	खबार	ख़बर
khayal	15	pilot_pool	खयाल	ख़याल	खायल	खैयाल
khuda	15	pilot_pool	खुदा	खुड़ा	खुडा	खूदा
kia	15	pilot_pool	किया	किआ	कीआईए	किआईए
ledtvn	15	pilot_pool	लेडटिवन	लेडटीवीन	लेडत्वं	लेडटिवीन
maam	15	pilot_pool	माम	मां	माँ	माम्‌
maang	15	pilot_pool	मांग	माँग	मंग	मैंग
naye	15	pilot_pool	नये	नाए	नई	नेय
neeche	15	pilot_pool	नीचे	नीचें	निचे	नीछे
obama	15	pilot_pool	ओबामा	उबामा	ओबमा	ओबाम
omg	15	pilot_pool	ओएमजी	ओमग	ओम्ग	आम्ग
pada	15	pilot_pool	पड़ा	पदा	पाडा	पाड़
samne	15	pilot_pool	सामने	समने	सम्ने	समनें
shri	15	pilot_pool	श्री	श्रि	शरी	शृ
sureshpprabhu	15	pilot_pool	सुरेशप्रभु	सुरेशप्प्रभु	सुरेश्पप्रभु	सुरेशप्रभू
thand	15	pilot_pool	ठंड	थांड	थंड	ठण्ड
tujhse	15	pilot_pool	तुझसे	तूझसे	तुझ्से	तुझसें
vikas	15	pilot_pool	विकास	विकस	विकाश	विका
wah	15	pilot_pool	वाह	वह	वाह्‌	वह्‌
zinda	15	pilot_pool	जिंदा	ज़िंदा	ज़िन्दा	जिन्दा
aayee	14	pilot_pool	आई	आयी	आइ	आईं
angryoungwoman	14	pilot_pool	एंग्रयंगवुमन	एंग्र्यूंगवुमन	एंग्रियंगवुमन	एंग्रीयंगवुमन
ashutosh	14	pilot_pool	आशुतोष	अशुतोष	आशूतोष	आसुतोष
baithe	14	pilot_pool	बैठे	बैथे	बैठें	बेथे
bete	14	pilot_pool	बेटे	बेते	बेटी	बते
chacha	14	pilot_pool	चाचा	चचा	छाचा	चाछा
chakkar	14	pilot_pool	चक्कर	चक्कार	छक्कर	चकर
dega	14	pilot_pool	देगा	डेगा	डिगा	देग
dekhta	14	pilot_pool	देखता	देख्ता	देख़ता	डेखता
didi	14	pilot_pool	दीदी	दिदी	डिडी	दिदीं
dijiye	14	pilot_pool	दीजिए	दीजिये	दिजिए	दिजिये
gaaliyan	14	pilot_pool	गालियां	गालियाँ	ग़ालियां	गालिया
gai	14	pilot_pool	गई	गाई	गै	गाइ
ghatiya	14	pilot_pool	घटिया	घाटिया	घटियाँ	घटियां
isne	14	pilot_pool	इसने	ईसने	इसनें	इस्ने
jhasanjay	14	pilot_pool	झसंजय	झासंजय	जहसंजय	झासंजे
jitna	14	pilot_pool	जितना	जीतना	जित्ना	जित्न
kamaalrkhan	14	pilot_pool	कमालरखान	कमालरखन	कमालर्खन	कमाल्रखन
khelne	14	pilot_pool	खेलने	खेल्ने	खेलनें	खलने
kisko	14	pilot_pool	किसको	किस्को	किसकों	कीस्को
klpe	14	pilot_pool	कल्पे	कोल्पे	कोलपे	कोल्पी
kutta	14	pilot_pool	कुट्टा	कट्टा	कुट्ट	कुटा
mazaak	14	pilot_pool	मज़ाक	मजाक	मझाक	मज़क
melotus	14	pilot_pool	मेलोटस	मिलोटस	मैलोटस	मेलोतस
milna	14	pilot_pool	मिलना	मिल्ना	मिल्न	मीलना
nickhunterr	14	pilot_pool	निकहंटर	निकहन्टर	निक्हंटर	निकहंटेर
oye	14	pilot_pool	ओये	ओए	ओय	ओइ
padegi	14	pilot_pool	पड़ेगी	पडेगी	पदेगी	पड़ेगि
pareshan	14	pilot_pool	परेशन	परेशान	परेषण	परेशां
pati	14	pilot_pool	पति	पाटी	पटी	पती
pta	14	pilot_pool	पीटीए	पटा	पिटा	प्ता
rakho	14	pilot_pool	रखो	राखो	रखों	रको
ruk	14	pilot_pool	रुक	रूक	रोक	रक
saala	14	pilot_pool	साला	साल	शाला	साले
seedha	14	pilot_pool	सीधा	सीढ़ा	सीढा	सीढ़
since	14	pilot_pool	सिंस	साइंस	सिन्स	सिंसे
sirji	14	pilot_pool	सिरजी	सरजी	सीरजी	सिरजि
srk	14	pilot_pool	सर्क	सरक	स्र्क	स्रक
suresh	14	pilot_pool	सुरेश	सूरेश	सुरेष	शुरेश
tym	14	pilot_pool	टीम	टिम	टाइम	टिम्‌
udhaar	14	pilot_pool	उधार	ऊधार	उदार	उधार्‌
aag	13	pilot_pool	आग	अग	अग्‌	आग्‌
abi	13	pilot_pool	अबी	आबी	अबि	अबीई
agle	13	pilot_pool	अगले	एगल	आगले	एगले
angrezi	13	pilot_pool	अंग्रेजी	अंगरेज़ी	अंगरेजी	अंग्रेजि
bachche	13	pilot_pool	बच्चे	बच्छे	बचचे	बछे
badiya	13	pilot_pool	बडिया	बड़िया	बदिया	बाडिया
banne	13	pilot_pool	बन्ने	बनने	बाने	बन्नी
barkha	13	pilot_pool	बरखा	बारखा	बर्खा	बार्खा
bharosa	13	pilot_pool	भरोसा	भरौसा	बरोसा	भरोस
bht	13	pilot_pool	भट	भट्‌	बहत	भत
chaar	13	pilot_pool	चार	छार	चार्‌	चर
chatpatidiary	13	pilot_pool	चैटपेटीडायरी	चैटपेटिडियरी	चटपटीदियारी	चैटपेटीडियरी
chutti	13	pilot_pool	छुट्टी	चुट्टी	चट्टी	चुत्ती
dhoka	13	pilot_pool	धोका	ढोका	ढोक	डोका
dukaan	13	pilot_pool	दुकान	दुकां	दुकाँ	दूकां
gaane	13	pilot_pool	गाने	गाणे	गानें	गांने
hamein	13	pilot_pool	हमें	हमैं	हामें	हमीं
hitennarendra	13	pilot_pool	हितेन्नरेंद्र	हितेन्नरेन्द्र	हितेन्नारेंद्र	हितेन्नरेंद्रा
idhar	13	pilot_pool	इधर	इधार	ईधर	इद्धर
im	13	pilot_pool	इम	ईम	इम्‌	ईम्‌
indvsban	13	pilot_pool	इंडव्सबैन	इंडव्सबन	इंडवस्बैन	इंडव्स्बन
inki	13	pilot_pool	इनकी	इंकी	इन्की	इंकि
issi	13	pilot_pool	इस्सी	इसी	ईस्सी	इस्सि
jal	13	pilot_pool	जल	जाल	जेएल	जल्‌
janam	13	pilot_pool	जनम	जन्म	जानम	जनम्‌
kanhaiya	13	pilot_pool	कन्हैया	कन्हइया	कनहैया	कान्हैया
kaunsa	13	pilot_pool	कौंसा	कौंस	कॉन्सा	काउंसा
khas	13	pilot_pool	खास	खस	खस्‌	ख़स
khoob	13	pilot_pool	खूब	ख़ूब	खुब	खोब
krna	13	pilot_pool	करना	कर्णा	कर्ना	कर्ण
kyo	13	pilot_pool	क्यो	कयो	कियो	केयो
mehnat	13	pilot_pool	मेहनत	महनत	महेनत	महनात
mildlyclassic	13	pilot_pool	माइल्डलाइक्लासिक	माइल्डलाईक्लासिक	मिल्डलाइक्लासिक	माइल्डलीक्लासिक
pani	13	pilot_pool	पानी	पनी	पाणी	पनि
pvsindhu	13	pilot_pool	पीवीसिंधु	पीवीसिंधू	पीवीसिन्धु	पवसिंधु
rakhna	13	pilot_pool	रखना	राखना	रख्ना	राखणा
saab	13	pilot_pool	साब	सब	सॉब	साभ
samjh	13	pilot_pool	समझ	सम्झ	सामझ	संझ
thevacuumhead	13	pilot_pool	थेवाक्यूमहेड	थेवेक्यूमहेड	थेवक्यूमहेड	थेवैक्यूमहेड
vishwas	13	pilot_pool	विश्वास	विश्वस	विशवास	विश्वाज
wanna	13	pilot_pool	वन्ना	वाना	वना	वन्न
yadav	13	pilot_pool	यादव	यदव	याधव	याडव
yahin	13	pilot_pool	यहीं	याहीं	यहिं	याहिन
aankhein	12	pilot_pool	आंखें	आँखें	आंखे	आँखे
aayenge	12	pilot_pool	आएंगे	आयेंगे	आएँगे	आयेगे
afridi	12	pilot_pool	अफरीदी	अफ्रीदी	आफ्रीदी	अफ़रीदी
ajeeb	12	pilot_pool	अजीब	आजीब	अज़ीब	अजिब
anyone	12	pilot_pool	अन्योने	अन्योन	अनयोने	अन्योणे
baate	12	pilot_pool	बाते	बाटे	बते	बटे
bahaar	12	pilot_pool	बहार	बाहार	बाहर	बहर
bahane	12	pilot_pool	बहने	बहाने	बहाणे	बाहने
bahu	12	pilot_pool	बहु	बहू	बाहू	बाहु
baloch	12	pilot_pool	बलोच	बालोच	बलोक	बालोक
banda	12	pilot_pool	बांदा	बंदा	बांडा	बंडा
bech	12	pilot_pool	बेच	बैच	बेक	बेच्‌
bhaijan	12	pilot_pool	भाईजान	भाईजन	भैजन	भाइजन
bhopal	12	pilot_pool	भोपाल	भोपल	भूपाल	भौपाल
bulaya	12	pilot_pool	बुलाया	बुलया	बुलाय	बुलय
byomkesbakshi	12	pilot_pool	ब्योमकेसबक्षी	ब्योम्केसबक्षी	ब्योमकेसबक्शी	ब्योमकेसबख्शी
chand	12	pilot_pool	चंद	चांद	चन्द	चांड
chauka	12	pilot_pool	चौका	चौक	छौका	चोका
chhodo	12	pilot_pool	छोड़ो	छोडो	छोडों	छोदो
daant	12	pilot_pool	दांत	दाँत	डाँट	डांट
dekhe	12	pilot_pool	देखे	देखें	डेखे	देके
delhipollution	12	pilot_pool	डेल्लीपोल्यूशन	डेल्लीपॉल्यूशन	डेल्हीपोल्यूशन	डेलहिपोल्यूशन
dhawan	12	pilot_pool	धवन	धावन	धवान	धवां
dho	12	pilot_pool	धो	ढो	ढ़ो	धों
dr	12	pilot_pool	डीआर	दर	द्र	ड्र
dunga	12	pilot_pool	दूंगा	डुंगा	डूंगा	दुंगा
fb	12	pilot_pool	एफबी	फ्ब	फ़ब	फ़ब्‌
hasi	12	pilot_pool	हसी	हासी	हँसी	हसि
hein	12	pilot_pool	हें	हेन	हीन	हैन
iamsrk	12	pilot_pool	आईएमएसआरके	आईएएमएसआरके	आईएएमसीआरके	आईएएमसर्क
jarur	12	pilot_pool	जरूर	जरुर	जारूर	जारुर
jarurat	12	pilot_pool	जरूरत	जरुरत	जरुरात	जरूरात
jayenge	12	pilot_pool	जाएंगे	जायेंगे	जाएँगे	जयेंगे
karlo	12	pilot_pool	करलो	कारलो	कर्लो	करलों
kaunsi	12	pilot_pool	कौंसी	काउंसी	कॉन्सी	कौँसी
kejri	12	pilot_pool	केजरी	कजरी	खेजरी	केजरि
kharaab	12	pilot_pool	खराब	ख़राब	ख्राब	खाराब
khol	12	pilot_pool	खोल	खोल्‌	ख़ोल	कोल
kiske	12	pilot_pool	किसके	किस्के	किसकी	कीसके
koshish	12	pilot_pool	कोशिश	कोशीश	कोशिष	कोशीष
kro	12	pilot_pool	करो	क्रो	कोर	कोरो
krta	12	pilot_pool	करता	कर्ता	कर्त्त	कर्टा
krti	12	pilot_pool	करती	कृति	कर्ति	कर्ती
ladkiyan	12	pilot_pool	लड़कियां	लड़कियाँ	लडकियां	लडकियाँ
ladko	12	pilot_pool	लड़को	लड़कों	लडको	लाडको
laggayivaat	12	pilot_pool	लग्गयिवात	लग्गयीवात	लग्गयीवाट	लग्गायिवात
lal	12	pilot_pool	लाल	लल	लल्‌	लाल्‌
layak	12	pilot_pool	लायक	लयक	लयाक	लैयक
lokarlounfollow	12	pilot_pool	लोकार्लोउनफोलो	लोकार्लोउनफॉलो	लोकर्लोउनफोलो	लोकर्लोउनफॉलो
mene	12	pilot_pool	मेने	मैने	मीन	मेन
mohitparmarr	12	pilot_pool	मोहितपरमार	मोहितपरमर्र	मोहितपरमर	मोहीतपरमार
msgmissionhumanity	12	pilot_pool	मैस्गमिशनह्यूमैनिटी	मैसग्मिशनह्यूमैनिटी	मैसगमिशनह्यूमैनिटी	मैस्गमिशनह्यूमैनिटि
mujh	12	pilot_pool	मुझ	मूझ	मुझ्‌	मझ
mustwatchmsg	12	pilot_pool	मस्टवाचम्सग	मस्टवॉचम्सग	मस्टवाचम्स्ग	मस्टवॉचम्स्ग
narendra	12	pilot_pool	नरेंद्र	नरेन्द्र	नारेंद्र	नरेंद्रा
ojasism	12	pilot_pool	ओजसिज्म	ओजेसिज्म	ओजासिज्म	ओजैसिज्म
paar	12	pilot_pool	पार	पर	पार्‌	पॉर
padha	12	pilot_pool	पढ़ा	पढा	पढ़	पधा
pahunch	12	pilot_pool	पहुंच	पहुँच	पहूंच	पहूँच
pakad	12	pilot_pool	पकड़	पाकड़	पकड	पाकड
purani	12	pilot_pool	पुरानी	पुराणी	पुरनी	पूरानी
ranaayyub	12	pilot_pool	रनाय्यूब	रनायुब	रनाय्युब	रनायूब
samay	12	pilot_pool	समय	सामय	समाय	समय्‌
sapne	12	pilot_pool	सपने	सापने	सप्ने	सपनें
shahrcasm	12	pilot_pool	शाहरकाज्म	शाहरकास्म	शहरकाज्म	शाहरकाज़म
shahrukh	12	pilot_pool	शाहरुख	शाहरूख	शाहरख	शहरुख
slimswamy	12	pilot_pool	स्लिमस्वामी	स्लिम्सवामी	स्लीमस्वामी	स्लिम्स्वामी
sona	12	pilot_pool	सोना	सोन	सौना	सूना
suno	12	pilot_pool	सुनो	सूनो	सुनों	सनो
tez	12	pilot_pool	तेज	तेज़	टेज़	टेज
their	12	pilot_pool	थेर	थीर	थेयर	थीयर
them	12	pilot_pool	थेम	थीम	थैम	ठेम
timesnow	12	pilot_pool	टाइमस्नो	टाइम्सनो	टाईमस्नो	टाइमसनो
unhone	12	pilot_pool	उन्होंने	उन्होने	उनहोंने	उहोंने
waali	12	pilot_pool	वाली	वालि	वालीं	वाली़
yo	12	pilot_pool	यो	यों	यू	यौ
zamana	12	pilot_pool	जमाना	ज़मना	जमना	ज़मान
zor	12	pilot_pool	ज़ोर	जोर	ज़ॉर	जॉर
zzoker	12	pilot_pool	ज़ोकर	जाकर	जोकर	ज्जोकर
aadha	11	pilot_pool	आधा	आढ़	आदा	आध
aakar	11	pilot_pool	आकर	आकार	आंकर	अकर
aamir	11	pilot_pool	आमिर	आमीर	अमीर	अमिर
aaptards	11	pilot_pool	आप्टर्डस	आप्टर्ड्स	आप्तर्द्स	आप्टार्डस
abpnewstv	11	pilot_pool	एबीपीन्यूएसटीवी	एबीपीन्यूस्टीवी	एबीपीन्यूज़्त्व	एबीपीन्यूज़्तव
achi	11	pilot_pool	अची	अचि	आची	एची
admin	11	pilot_pool	एडमिन	एड्मिन	एडमीन	अडमिन
agli	11	pilot_pool	अगली	अग्ली	आगली	अग्लि
agr	11	pilot_pool	एजीआर	अगर	अग्र	आग्र
airtel	11	pilot_pool	एयरटेल	एअरटेल	एरटेल	ऐरटेल
akele	11	pilot_pool	अकेले	आकेले	एकेले	अकेल
bachhe	11	pilot_pool	बच्चे	बछे	बाछे	बछें
bacho	11	pilot_pool	बचो	बाचो	बचों	बाछो
bande	11	pilot_pool	बंदे	बांदे	बांडे	बंडे
banta	11	pilot_pool	बांटा	बनता	बंटा	बांता
bday	11	pilot_pool	बडे	बदाय	बीडे	बडाय
bheem	11	pilot_pool	भीम	बीम	भिम	भीं
bhut	11	pilot_pool	भूत	भुत	भुट	भूट
bijli	11	pilot_pool	बिजली	बीजली	बिज्ली	बिजलि
bleedblue	11	pilot_pool	ब्लीडब्लू	ब्लिडब्लू	ब्लीडब्लु	ब्लीडब्लूए
botal	11	pilot_pool	बोतल	बोताल	बोटल	बोटाल
bula	11	pilot_pool	बुला	बूला	बुल	बूल
chalane	11	pilot_pool	चलने	चलाने	चालने	चलनें
dekhiye	11	pilot_pool	देखिए	देखिये	देखीये	देखीए
dhyaan	11	pilot_pool	ध्यान	धयान	द्यान	ध्यां
dhyan	11	pilot_pool	ध्यान	ध्यन	धयान	ढ्यान
dikhta	11	pilot_pool	दिखता	दीखता	दिख्ता	दिख़ता
doodh	11	pilot_pool	दूध	डूढ़	दुध	डूढ
doosre	11	pilot_pool	दूसरे	दुसरे	दूसरें	डूसरे
dutt	11	pilot_pool	डट	दत	दत्‌	दुत
fark	11	pilot_pool	फर्क	फार्क	फरक	फारक
gaana	11	pilot_pool	गाना	गाणा	गान	गाण
gali	11	pilot_pool	गली	गाली	गलि	गेली
gaon	11	pilot_pool	गांव	गाँव	गाओं	गाउँ
gud	11	pilot_pool	गुड	गुड़	गुद	गड
gussa	11	pilot_pool	गुसा	गुस्स	गस्सा	गूसा
gyaan	11	pilot_pool	ज्ञान	ग्यान	जान	गयान
haryana	11	pilot_pool	हरियाणा	हरयाणा	हरयाना	हर्याणा
himmat	11	pilot_pool	हिम्मत	हिंमत	हिमत	हिम्मट
hokar	11	pilot_pool	होकर	होकार	हॉकर	हौकर
huye	11	pilot_pool	हुए	हुये	हूये	हूए
indvpak	11	pilot_pool	इंडवपाक	इंदवपाक	इंद्वपाक	इंडव्पाक
intezaar	11	pilot_pool	इंतज़ार	इंतेज़ार	इन्तज़ार	इंतज़ाऱ
jaake	11	pilot_pool	जाके	जाकें	झाके	जाक
jashn	11	pilot_pool	जश्न	जशन	जस्न	जाशन
jitni	11	pilot_pool	जितनी	जीतनी	जिटनी	जित्नी
kafi	11	pilot_pool	काफी	कफी	कफ़ी	काफि
kahani	11	pilot_pool	कहानी	कहनी	कहाणी	कहानि
karein	11	pilot_pool	करें	करैन	करैं	कारें
kese	11	pilot_pool	केसे	कैसे	केस	कसे
khada	11	pilot_pool	खड़ा	खादा	खडा	खाडा
khali	11	pilot_pool	खाली	खली	खलि	खालि
khao	11	pilot_pool	खाओ	खो	खाऊ	खओ
khareed	11	pilot_pool	खरीद	ख़रीद	खारीद	खरिद
kijiye	11	pilot_pool	कीजिए	किजिए	किजिये	कीजिये
kyuki	11	pilot_pool	क्युकी	क्यूकी	क्यूकि	क्युकि
mandir	11	pilot_pool	मंदिर	मन्दिर	मंदीर	मन्दीर
namo	11	pilot_pool	नमो	नामो	नमों	नैमो
nehi	11	pilot_pool	नेही	नही	नेहि	नहि
paa	11	pilot_pool	पा	पीए	प	प्‌
paida	11	pilot_pool	पैदा	पैडा	पैड़ा	पाइदा
paytm	11	pilot_pool	पेटीएम	पैटीएम	पेटीएम्‌	पायटीएम
pila	11	pilot_pool	पीला	पिला	पाइला	पिल
pointkyahai	11	pilot_pool	पॉइंटक्याहै	पोइंटक्याहै	पॉइन्टक्याहै	पॉइंटक्याहैं
purane	11	pilot_pool	पुराने	पुरने	पुराणे	पूरने
qandeel	11	pilot_pool	कंदील	क़ंदील	क़न्दील	कंडील
raggedtag	11	pilot_pool	रैगेडटैग	रैग्डटैग	रैगडटैग	रेगेडटैग
rahulroushan	11	pilot_pool	राहुलरौशन	राहुलरोशन	राहुलराउशन	राहुलरूशन
raina	11	pilot_pool	रैना	राइना	रायना	रेना
rajiv	11	pilot_pool	राजीव	राजिव	रजीव	राजव
rakhi	11	pilot_pool	रखी	राखी	रखि	राखि
rakhne	11	pilot_pool	रखने	राखने	रख्ने	रखनें
rona	11	pilot_pool	रोना	रोणा	रॉना	रोन
sabka	11	pilot_pool	सबका	साबका	सब्का	शबका
sher	11	pilot_pool	शेर	शर	शैर	शीर
shraddhakapoor	11	pilot_pool	श्रद्धाकपूर	श्रद्धाकापुर	श्रद्धाकापूर	श्रद्धाकपुर
sritikadhar	11	pilot_pool	श्रीतिकाधार	सृतिकाधार	श्रीतिकाधर	स्रीतिकाधर
sunne	11	pilot_pool	सुनने	सन्ने	सुने	सुन्न
surgicalstrikes	11	pilot_pool	सर्जिकलस्ट्राइक्स	सर्जीकलस्ट्राइक्स	सर्जिकल्स्ट्राइक्स	सर्जिकलस्ट्राईक्स
taiyaar	11	pilot_pool	तैयार	तइयार	तैयाऱ	टैयार
ulta	11	pilot_pool	उल्टा	उलटा	उल्ता	उलता
utar	11	pilot_pool	उतर	उतार	ऊतर	उत्र
virodh	11	pilot_pool	विरोध	बिरोध	विरौध	विरोध्‌
vodafone	11	pilot_pool	वोडाफोन	वोडाफ़ोन	वॉडाफोन	वोडफोन
aagaye	10	pilot_pool	आगये	आगाये	आगाए	आगए
aai	10	pilot_pool	आई	एआई	आइ	एएई
ambani	10	pilot_pool	अंबानी	अम्बानी	अंबाणी	अंबनी
amitshah	10	pilot_pool	अमितशाह	अमीतशाह	अमितशह	आमितशाह
ankit	10	pilot_pool	अंकित	आंकित	अँकित	अनकित
ayega	10	pilot_pool	आएगा	आयेगा	अयेगा	अएगा
ayye	10	pilot_pool	अय्य	आय्ये	अय्ये	अय्यें
bacche	10	pilot_pool	बच्चे	बच्छे	बछे	बैचे
bache	10	pilot_pool	बचे	बाचे	बचें	बाछे
banao	10	pilot_pool	बनाओ	बनाओं	बानाओ	बनाऊ
banna	10	pilot_pool	बन्ना	बना	बन्न	बाना
banti	10	pilot_pool	बांटी	बंटी	बांती	बंती
barabar	10	pilot_pool	बराबर	बाराबर	बराबार	बरबर
bcci	10	pilot_pool	बीसीसीआई	बीसीसीआइ	बिसीसीआई	बीसीसी
bdutt	10	pilot_pool	बदुत्त	ब्दुत्त	बडुट	बडुट्ट
bechare	10	pilot_pool	बेचारे	बेचरे	बिचारे	बचारे
bheja	10	pilot_pool	भेजा	भेज	भीजा	भजा
bhejo	10	pilot_pool	भेजो	भेजों	बेजो	भेंजो
chaal	10	pilot_pool	चाल	छाल	चल	शाल
chota	10	pilot_pool	चोटा	छोटा	चोट	चोता
could	10	pilot_pool	कोल्ड	काउल्ड	कूल्ड	कौल्ड
darna	10	pilot_pool	डरना	दरना	दारना	डारना
dekar	10	pilot_pool	देकर	डेकर	देकार	ढेकर
dhan	10	pilot_pool	धन	धान	ढान	धन्‌
dharm	10	pilot_pool	धर्म	धर्म्‌	धरम	ढर्म
dikhane	10	pilot_pool	दिखने	दिखाने	दीखने	दीखाने
dikhao	10	pilot_pool	दिखाओ	दिखाओं	दीखाओ	दिकाओ
dilwale	10	pilot_pool	दिलवाले	दिलवले	दीलवाले	डिलवाले
dua	10	pilot_pool	दुआ	डुआ	डूआ	दूआ
etc	10	pilot_pool	ईटीसी	इटीसी	एटीसी	ईतीसी
exsecular	10	pilot_pool	एक्ससेक्यूलर	एक्ससेक्युलर	एक्ससीक्यूलर	एक्सेक्यूलर
facebook	10	pilot_pool	फेसबुक	फ़ेसबुक	फेसबूक	फैसबुक
fayda	10	pilot_pool	फायदा	फैदा	फयदा	फायदे
gandi	10	pilot_pool	गंदी	गांडी	गंडी	गांदी
garam	10	pilot_pool	गरम	गर्म	गारम	गराम
ghum	10	pilot_pool	घुम	घूम	गुम	घम
gyan	10	pilot_pool	ज्ञान	ग्यान	गयान	ग्यां
haa	10	pilot_pool	हा	हाँ	हँ	ह
hahah	10	pilot_pool	हहह	हाहा	हाहह	हहाह
hawa	10	pilot_pool	हवा	हावा	ह्वा	हव
hogaye	10	pilot_pool	होगाए	होगये	होगाये	होगए
humein	10	pilot_pool	हमें	हुमें	हूमें	हुमैं
humse	10	pilot_pool	हमसे	हम्से	हुमसे	हम्सी
inhone	10	pilot_pool	इन्होने	इनहोने	इनहोंने	इन्होंन
into	10	pilot_pool	इंटो	इंतो	इन्तो	इन्टो
iphone	10	pilot_pool	आईफोन	आइफोन	आईफ़ोन	इफोन
jaakar	10	pilot_pool	जाकर	जाकड़	ज़ाकर	झाकर
jadeja	10	pilot_pool	जडेजा	जाडेजा	जड़ेजा	जदेजा
jb	10	pilot_pool	जेबी	जब	जैब	जब्‌
jhoot	10	pilot_pool	झूट	झुट	झोट	झूत
jitne	10	pilot_pool	जितने	जीतने	जित्ने	जितनें
kaale	10	pilot_pool	काले	काली	काल	खाले
kaan	10	pilot_pool	कान	काँ	कां	काण
kapil	10	pilot_pool	कपिल	कापिल	कपील	कैपिल
kash	10	pilot_pool	काश	कश	कैश	कश्‌
khaana	10	pilot_pool	खाना	खान	खाणा	ख़ाना
khate	10	pilot_pool	खाते	खटे	खाटे	खते
khaye	10	pilot_pool	खाए	खाये	खये	खाएँ
khelta	10	pilot_pool	खेलता	खेलटा	खेल्ता	खेल्टा
khilaf	10	pilot_pool	खिलाफ	खिलाफ़	खिलफ	खिलफ़
lanka	10	pilot_pool	लंका	लांका	लैंका	लंक
majak	10	pilot_pool	मजाक	मजक	माजक	मज़क
mandal	10	pilot_pool	मंडल	मण्डल	मंडाल	मांडल
marne	10	pilot_pool	मारने	मरने	मर्ने	मार्न
milkar	10	pilot_pool	मिलकर	मिल्कर	मिल्कार	मिलकार
milke	10	pilot_pool	मिल्के	मिलके	मिल्क	मिल्की
msd	10	pilot_pool	एमएसडी	मस्द	मसद	मस्ड
muje	10	pilot_pool	मुजे	मुझे	मूजे	मजे
mujhko	10	pilot_pool	मुझको	मुझकों	मूझको	मुझ्को
nainkatary	10	pilot_pool	नैंकटरी	नैंकट्री	नैंकेटरी	नैंकाटरी
nautanki	10	pilot_pool	नौटंकी	नौटांकी	नौतंकी	नौटंकि
nikla	10	pilot_pool	निकला	निक्ला	निकल	नीकला
paap	10	pilot_pool	पाप	पॉप	पाप्‌	पप
patakhe	10	pilot_pool	पटाखे	पटखे	पताखे	पतखे
phool	10	pilot_pool	फूल	फुल	फ़ूल	पूल
piche	10	pilot_pool	पीछे	पिचे	पीचे	पिछे
pootna	10	pilot_pool	पूतना	पुतना	पुटना	पूटना
rah	10	pilot_pool	रह	राह	रह्‌	रेह
rehne	10	pilot_pool	रहने	रेहने	रह्ने	रहनें
rehti	10	pilot_pool	रहती	रेहती	रेहटी	रहटी
saalo	10	pilot_pool	सालो	सालों	शालो	सलो
sabha	10	pilot_pool	सभा	सभ	सबा	सभ्‌
sabke	10	pilot_pool	सबके	साबके	सब्के	सभके
sagarikaghose	10	pilot_pool	सागरिकाघोस	सागरिकघोसे	सागरिकघोस	सागरिकाघोज
samjho	10	pilot_pool	समझो	समझों	संझो	सम्झो
san	10	pilot_pool	सन	सान	सैन	सं
sara	10	pilot_pool	सारा	सरा	सर	सार
sawaal	10	pilot_pool	सवाल	स्वाल	संवाल	सावाल
sri	10	pilot_pool	श्री	सरी	स्री	स्रि
taang	10	pilot_pool	टांग	तांग	टाँग	ताँग
talaq	10	pilot_pool	तलाक	तलक	तलक़	तालक
tatti	10	pilot_pool	टट्टी	तत्ती	तट्टी	तत्ति
tujh	10	pilot_pool	तुझ	तूझ	तझ	टुझ
unsubtledesi	10	pilot_pool	अनसबटलेडेसी	अनसबटलदेसी	अनसबटलडेसी	अनसब्टलदेसी
uth	10	pilot_pool	उठ	उथ	ऊठ	उत
vyomnaut	10	pilot_pool	व्योमनॉट	व्योमनौत	व्योमनोत	व्योमनाउट
without	10	pilot_pool	विथआउट	विथाउट	विटहाउट	विताउट
zameen	10	pilot_pool	जमीन	ज़मीन	ज़मीं	जमीं
aadhe	9	pilot_pool	आधे	आढ़े	आढे	आदे
aahe	9	pilot_pool	आहे	आहें	अहे	एएचई
aashirwad	9	pilot_pool	आशीर्वाद	आशिर्वाद	आशिरवाद	आशीरवाद
achchi	9	pilot_pool	अच्छी	अच्ची	अछी	अच्चि
amitabh	9	pilot_pool	अमिताभ	अमिताब	अमितभ	अमीताभ
apke	9	pilot_pool	आपके	अपके	अप्के	एपीके
bachchan	9	pilot_pool	बच्चन	बच्छन	बचान	बचन
bechara	9	pilot_pool	बेचरा	बेचार	बेचर	बचारा
bewakoof	9	pilot_pool	बेवकूफ	बेवकूफ़	बेवाकूफ	बेवकुफ
bhare	9	pilot_pool	भरे	भारे	भरें	भैर
bhole	9	pilot_pool	भोले	बोले	भौले	भोल
bhook	9	pilot_pool	भूक	भूख	भुक	भूक्‌
bhot	9	pilot_pool	भोट	भोत	भौत	भोट्‌
bigad	9	pilot_pool	बिगड़	बिगाड	बिगड	बिगद
celeb	9	pilot_pool	सेलेब	सिलेब	केलेब	सेलेब्‌
chalti	9	pilot_pool	चलती	चालती	चल्ती	चाल्टी
choti	9	pilot_pool	छोटी	चोटी	चोती	चोटि
chutiye	9	pilot_pool	चुटिए	चुटिये	छुटिये	छुटिए
congrats	9	pilot_pool	कांग्रेट्स	कॉन्ग्रेट्स	कांग्रैट्स	कांग्राट्स
dala	9	pilot_pool	डाला	दाला	दला	डला
dashhtweets	9	pilot_pool	डाश्टवीट्स	डाष्टवीट्स	डैश्टवीट्स	डॉश्टवीट्स
doosri	9	pilot_pool	दूसरी	दुसरी	डूसरी	दूशरी
durr	9	pilot_pool	दूर	दुर	डर	डर्र
dusro	9	pilot_pool	दुसरो	दूसरो	दुसरों	दसरो
failedcmnitish	9	pilot_pool	फैलेडकम्निटिश	फैलेडक्मनिटिश	फैलेडकमनिटिश	फैलेडकम्निटिस
gf	9	pilot_pool	जीएफ	जीफ	गफ	जिएफ
gurgaon	9	pilot_pool	गुड़गांव	गुरगांव	गुरगाँव	गूरगांव
haalat	9	pilot_pool	हालत	हालात	हालट	हलत
halat	9	pilot_pool	हालत	हलत	हलात	हालट
hara	9	pilot_pool	हरा	हर	हार	हर्‌
horaha	9	pilot_pool	होरहा	होराहा	होरह	होराह
hy	9	pilot_pool	ही	हाई	हाय	हाइ
intezar	9	pilot_pool	इंतजार	इंतज़ार	इन्तजार	इंतेजार
ismein	9	pilot_pool	इसमें	इस्में	इसमैं	इस्मैं
jaag	9	pilot_pool	जाग	जग	ज़ाग	जॉग
jaanch	9	pilot_pool	जांच	जाँच	जान्च	जांछ
jaanta	9	pilot_pool	जानता	जांता	जाँता	जान्ता
jaenge	9	pilot_pool	जाएंगे	जाएँगे	जेंगे	जैंगे
jald	9	pilot_pool	जल्द	जाल्द	जल्ड	जलद
jawaab	9	pilot_pool	जवाब	ज़वाब	ज्वाब	जावाब
jdu	9	pilot_pool	जेडीयू	जोडू	जडू	जदू
joydas	9	pilot_pool	जॉयदास	जोयदास	जॉयडास	जायदास
kaala	9	pilot_pool	काला	काल	काले	कला
kahaanify	9	pilot_pool	कहानिफाई	कहानिफ्य	कहानीफाई	कहानिफ़्य
kahenge	9	pilot_pool	कहेंगे	कहेँगे	कहेगें	कहेगे
karunga	9	pilot_pool	करूंगा	करुंगा	करूँगा	करुँगा
kehti	9	pilot_pool	कहती	केहती	कहटी	केहटी
khatm	9	pilot_pool	खत्म	खात्म	खतम	खातम
khela	9	pilot_pool	खेला	खेल	खेले	खैला
khelte	9	pilot_pool	खेलते	खेल्ते	खेल्टे	खेलटे
knicks	9	pilot_pool	निक्स	निक	निकों	निकस
kripa	9	pilot_pool	कृपा	क्रिपा	कृप	क्रिप
kshisodia	9	pilot_pool	क्षिसोदिया	क्षीसोदिया	क्षिसोडिया	क्षिसोड़िया
kyonki	9	pilot_pool	क्योंकि	क्योंकी	कयोंकी	क्योनकी
ladai	9	pilot_pool	लड़ाई	लडाई	लदाई	लादाई
laddu	9	pilot_pool	लड्डू	लद्दू	लड्डु	लद्दु
lagata	9	pilot_pool	लगता	लगाता	लागता	लगत
lagte	9	pilot_pool	लगते	लागते	लग्ते	लागटे
lamba	9	pilot_pool	लंबा	लम्बा	लांबा	लाम्ब
landacquisitionbill	9	pilot_pool	लैंडक्विजिशनबिल	लैंडेक्विजिशनबिल	लैंडैक्विजिशनबिल	लैंडाक्विजिशनबिल
luv	9	pilot_pool	लुव	लव	लूव	लव्‌
maarne	9	pilot_pool	मारने	मार्ने	मारणे	मरने
maarte	9	pilot_pool	मारते	मार्ते	मार्टे	मरते
maggi	9	pilot_pool	मग्गी	मैगी	मागी	मगी
marte	9	pilot_pool	मारते	मार्टे	मरते	मर्ते
naha	9	pilot_pool	नहा	नाहा	नह	नाह
naukri	9	pilot_pool	नौकरी	नौक्री	नोकरी	नाउकरी
nikle	9	pilot_pool	निकले	निकल	निकेल	नीकले
padhne	9	pilot_pool	पढ़ने	पढने	पढ्ने	पढेने
pandya	9	pilot_pool	पांड्या	पंड्या	पाण्ड्य	पांड्य
peeta	9	pilot_pool	पीता	पीटा	पीट	पीत
piya	9	pilot_pool	पिया	पीया	पीय	पिय
pucha	9	pilot_pool	पूछा	पुचा	पुछा	पूचा
rahane	9	pilot_pool	रहने	रहाने	रहाणे	रहनें
rone	9	pilot_pool	रोने	रोन	रोनी	रॉन
salu	9	pilot_pool	सालू	सालु	सलू	सलु
satya	9	pilot_pool	सत्य	सत्या	सात्य	सतया
sharab	9	pilot_pool	शराब	शरब	शारब	शर्ब
sharanyashettyy	9	pilot_pool	शरण्याशेट्टी	शरण्याशेट्टीय	शरण्यशेट्टी	शरण्यशेट्टीय
shoaib	9	pilot_pool	शोएब	शोइब	शोयब	शोआइब
sim	9	pilot_pool	सिम	सीम	सिम्‌	सिंम
sudhar	9	pilot_pool	सुधार	सुधर	सूधार	सूधर
sunte	9	pilot_pool	सुनते	सुंटे	सुन्ते	सुंते
supw	9	pilot_pool	सुपवा	सुप्व	सप्व	सुपव
swagat	9	pilot_pool	स्वागत	स्वगत	स्वागट	स्वगट
tareef	9	pilot_pool	तरीफ	तारीफ	तरीफ़	तरिफ
thak	9	pilot_pool	थक	थाक	तक	ठक
thedillimirror	9	pilot_pool	थेडिलिमिरर	थेडिलीमिरर	थेडिलीमिर्रर	थेडिलिमिर्रर
udhar	9	pilot_pool	उधर	उधार	ऊधर	उधर्‌
until	9	pilot_pool	अंटिल	अनटिल	उंटिल	उन्तिल
usme	9	pilot_pool	उसमे	उसमें	उस्मे	उस्में
vadra	9	pilot_pool	वद्र	वद्रा	वडरा	वाद्र
yuvraj	9	pilot_pool	युवराज	यूवराज	यवराज	युव्राज
zarurat	9	pilot_pool	जरूरत	ज़रूरत	ज़रुरत	जरुरत
aadhi	8	pilot_pool	आधी	आधि	आढ़ी	अधि
abey	8	pilot_pool	अबे	आबे	अबेय	अबै
akela	8	pilot_pool	अकेला	आकेला	अकेल	एकेला
anupampkher	8	pilot_pool	अनुपंपखेर	अनुपम्पखेर	अनुपमपखेर	अनुपंपक्षर
ata	8	pilot_pool	एटीए	आटा	अता	अटा
azaadi	8	pilot_pool	अज़ादी	आजादी	आज़ादी	अजादी
baarish	8	pilot_pool	बारिश	बारीश	बारिष	बारिस
bachi	8	pilot_pool	बची	बाची	बचि	बाचि
badha	8	pilot_pool	बढ़ा	बाधा	बढा	बधा
badnaam	8	pilot_pool	बदनाम	बड़नाम	बढ़नाम	बडनाम
banate	8	pilot_pool	बनते	बनाते	बानते	बनाटे
bataya	8	pilot_pool	बताया	बटाया	बतया	बाटाया
bedi	8	pilot_pool	बेदी	बेड़ी	बेडी	बेड़ि
bekar	8	pilot_pool	बेकर	बेकार	बैकर	बीकर
bf	8	pilot_pool	बीएफ	बीफ	बीफ़	भ
bhaag	8	pilot_pool	भाग	भाग्‌	बाग	भग
bhag	8	pilot_pool	भाग	भग	भग्‌	बाग
bhikari	8	pilot_pool	भिकारी	भिकरी	भीकरी	भीकारी
bitcoin	8	pilot_pool	बिटकॉइन	बिटकोइन	बिटकॉयन	बिटकॉईन
bna	8	pilot_pool	बना	बीएन	बन्‌	बन
buri	8	pilot_pool	बुरी	बूरी	बुरि	बरी
burnol	8	pilot_pool	बर्नोल	बरनोल	बर्नॉल	बुर्नोल
catwomaniya	8	pilot_pool	कैटवुमनिया	कैटवुमनीय	कैटवूमनीय	कैटवूमनिया
cheen	8	pilot_pool	चीन	चीं	छीन	चीण
chhe	8	pilot_pool	छे	छें	छी	छेँ
chipka	8	pilot_pool	चिपका	चिप्का	छिपका	चीपका
chote	8	pilot_pool	छोटे	चोटे	चोट	चोते
darshan	8	pilot_pool	दर्शन	दर्शान	दार्शन	दरशन
deepika	8	pilot_pool	दीपिका	दिपिका	दीपिक	दीपीका
dev	8	pilot_pool	देव	डेव	देव्‌	डेव्‌
dhokha	8	pilot_pool	धोखा	ढोखा	दोखा	धोख
dukh	8	pilot_pool	दुख	दुःख	दूख	डुख
duper	8	pilot_pool	डुपर	ड्यूपर	डूपर	ड्युपर
dur	8	pilot_pool	दूर	दुर	डूर	डर
during	8	pilot_pool	ड्यूरिंग	डयूरिंग	डुरिंग	ड्यूरिङ
faadutweets	8	pilot_pool	फाडुटवीट्स	फादुत्वीत्स	फादतवीट्स	फादुतवीट्स
fuljhadii	8	pilot_pool	फुलझड़ी	फूलझड़ी	फ़ुलझड़ी	फुलझडी
garmi	8	pilot_pool	गर्मी	गरमी	गर्मि	गारमी
ghamand	8	pilot_pool	घमंड	घमण्ड	घमांड	घामंड
gir	8	pilot_pool	गिर	गीर	गिर्‌	जीआर
haddhaiyaar	8	pilot_pool	हद्धैयार	हड़धैयार	हड्ढैयार	हद्दैयार
hafte	8	pilot_pool	हफ्ते	हाफ्ते	हफ़्ते	हफते
haq	8	pilot_pool	हक	हक़	हाक	हैक
hinnaz	8	pilot_pool	हिनाज	हिन्नाज	हिन्नज	हिंनाज
iamkits	8	pilot_pool	आईएमकिट्स	इमकिट्स	इयामकिट्स	आईएएमकीटीस
iamsonisinghal	8	pilot_pool	आईएएमसोनीसिंहल	इमसोनीसिंहल	आईएएमसोनीसिंघल	इमसोनीसिंघल
iitb	8	pilot_pool	आईआईटीबी	आइआईटीबी	आईआइटीबी	आइआइटीबी
ind	8	pilot_pool	इंड	इंद	इन्द	इन्ड
indvsl	8	pilot_pool	आईएनडीवीएसएल	आइएनडीवीएसएल	इंडवीएसएल	इंडव्सल
insan	8	pilot_pool	इंसान	इनसान	इन्सन	इंसन
jaage	8	pilot_pool	जागे	जागें	जाग	जाग़े
jaha	8	pilot_pool	जहा	जाहा	जह	जाह
jaiye	8	pilot_pool	जाइए	जैये	जइये	जैए
jama	8	pilot_pool	जमा	जाम	जम	जम्‌
jaunga	8	pilot_pool	जाऊंगा	जौंगा	जाऊँगा	जाउंगा
jeena	8	pilot_pool	जीना	जीन	जीणा	जिना
jeene	8	pilot_pool	जीने	जीणे	जिने	जीन
jeete	8	pilot_pool	जीते	जिते	जीत	जीती
jeetne	8	pilot_pool	जीतने	जितने	जीतनें	जीत्ने
jha	8	pilot_pool	झा	झ	झ्‌	ज़
jisko	8	pilot_pool	जिसको	जिस्को	जिसकों	जीस्को
joote	8	pilot_pool	जूते	जुटे	जूटे	जुते
kahe	8	pilot_pool	कहे	काहे	कह	केह
kaho	8	pilot_pool	कहो	काहो	कहों	खो
kahte	8	pilot_pool	कहते	काहते	काहटे	कहटे
karde	8	pilot_pool	करदे	कर्दे	कार्डे	कर्डे
karegi	8	pilot_pool	करेगी	कारेगी	करेंगी	करेगि
katrina	8	pilot_pool	कतरीना	कैट्रिना	कात्रिना	कत्रिना
kaunse	8	pilot_pool	कॉन्स	कॉन्से	कौंसे	काउंसे
kavitabika	8	pilot_pool	कविताबिका	कविताभिका	कविताबिक	कवितबिका
kehne	8	pilot_pool	कहने	केहने	कहनें	कहेने
khila	8	pilot_pool	खिला	खीला	खिल	किला
khul	8	pilot_pool	खुल	खूल	खुल्‌	खल
khulla	8	pilot_pool	खुल्ला	खुला	खुल्ल	खूल्ला
kiran	8	pilot_pool	किरण	किरन	किरान	कीरन
laal	8	pilot_pool	लाल	लाल्‌	लॉल	लल
laddoo	8	pilot_pool	लड्डू	लद्दू	लाडू	लैडू
ladkon	8	pilot_pool	लड़कों	लडकों	लड्कों	लड़को
lagana	8	pilot_pool	लगाना	लगना	लागना	लगन
lagane	8	pilot_pool	लगाने	लगने	लागने	लगनें
launda	8	pilot_pool	लौंडा	लौंदा	लाउंडा	लॉन्डा
launde	8	pilot_pool	लौंडे	लौंदे	लॉन्डे	लाउंडे
leni	8	pilot_pool	लेनी	लेणी	लेनि	लीनी
lga	8	pilot_pool	एलजीए	लगा	ल्गा	ल्ग्‌
likhe	8	pilot_pool	लिखे	लीखे	लिखें	लिके
lunga	8	pilot_pool	लूंगा	लुंगा	लुंग	लंगा
masala	8	pilot_pool	मसाला	मसला	मासला	मसाले
maukamauka	8	pilot_pool	मौकामौका	मौकमौका	मौकामऊका	मौकामौक
misbah	8	pilot_pool	मिसबाह	मिस्बा	मिसबा	मिसबह
mitch	8	pilot_pool	मिच	मीच	मिच्च	मिच्‌
naahi	8	pilot_pool	नाही	नाहि	नही	नाहे
namak	8	pilot_pool	नामक	नमक	नमाक	नमक्‌
nasha	8	pilot_pool	नशा	नाशा	नासा	नसा
nikaal	8	pilot_pool	निकाल	निकल	नीकाल	निखाल
padte	8	pilot_pool	पड़ते	पडते	पड़ती	पदते
padti	8	pilot_pool	पड़ती	पदती	पडती	पड़ति
pandey	8	pilot_pool	पांडे	पाण्डे	पंडे	पंडेय
pareshaan	8	pilot_pool	परेशान	परेशां	परेशाँ	परेषां
patthar	8	pilot_pool	पत्थर	पत्थार	पट्ठार	पट्ठर
paybackindia	8	pilot_pool	पेबैकइंडिया	पेबैकिंडिया	पेबैकइन्डिया	पेबेकइंडिया
pehen	8	pilot_pool	पहन	पेहें	पहें	पहेन
pehna	8	pilot_pool	पहना	पेहना	पहेना	पहिना
phenk	8	pilot_pool	फेंक	फैंक	फ़ेंक	फेन्क
phle	8	pilot_pool	फ्ले	पहले	फले	फ्ली
plzz	8	pilot_pool	पल्ज	पीएलएज़	पीएलएज	पीएलज़
pooja	8	pilot_pool	पूजा	पुजा	पूज	पूझा
pradesh	8	pilot_pool	प्रदेश	प्रादेश	प्रदेस	परदेश
prem	8	pilot_pool	प्रेम	प्रीम	प्रिम	प्रेम्‌
rahegi	8	pilot_pool	रहेगी	रहेंगी	राहेगी	रहगी
rahenge	8	pilot_pool	रहेंगे	रहेगें	रहेगे	रहेँगे
rai	8	pilot_pool	राई	रै	रई	राइ
rayta	8	pilot_pool	रायता	रयता	रेता	रेटा
rehna	8	pilot_pool	रहना	रेहना	राहना	रह्ना
rishta	8	pilot_pool	रिश्ता	रिष्टा	रिष्ट	रिश्त
rok	8	pilot_pool	रोक	रॉक	रौक	रोंक
roshd	8	pilot_pool	रोश्द	रोशद	रोष्ड	रोषद
rts	8	pilot_pool	आरटीएस	आरटी	आरटीज़	आरटीज
rula	8	pilot_pool	रूला	रुला	रूल	रुल
rulayega	8	pilot_pool	रुलाएगा	रुलायेगा	रूलाएगा	रूलायेगा
sada	8	pilot_pool	सदा	सादा	साडा	सद
sanjay	8	pilot_pool	संजय	सञ्जय	सन्जय	संजे
selfie	8	pilot_pool	सेल्फी	सेलफी	सैल्फी	सेल्फि
shivay	8	pilot_pool	शिवाय	शिवय	शिवे	शिवेय
shobha	8	pilot_pool	शोभा	शुभा	शोभ	सोभा
smogindelhi	8	pilot_pool	स्मोगिंदेलही	स्मोगिंदेल्ही	स्मोगिन्देलही	स्मोगिनदेलही
sonam	8	pilot_pool	सोनम	सोनाम	सोनम्‌	सौनम
sote	8	pilot_pool	सोते	सोटे	सोत	सोट
tanmay	8	pilot_pool	तन्मय	तनमय	तानमय	टनमय
taqleef	8	pilot_pool	तकलीफ	तक़लीफ	तक़लीफ़	तकलीफ़
thakur	8	pilot_pool	ठाकुर	ठाकूर	ठकुर	ठकूर
thats	8	pilot_pool	थाट्स	थेट्स	थैट	थैट्स
tk	8	pilot_pool	तक	तक्‌	टक	टक्‌
toastingtoaster	8	pilot_pool	टोस्टिंगटोस्टर	टोस्टिंगटोअस्टर	टोस्टिंगटोएस्टर	टोस्टिंग्टोस्टर
tukde	8	pilot_pool	टुकड़े	टुकडे	तुकड़े	टुकदे
tumlog	8	pilot_pool	तुमलोग	तुम्लोग	तुमलॉग	टमलॉग
tweepshikha	8	pilot_pool	ट्वीपशिखा	ट्विपशिखा	त्वीपशिखा	टवीपशिखा
ulti	8	pilot_pool	उल्टी	उलटी	उलती	उल्ती
umeed	8	pilot_pool	उमीद	उमिद	अमीद	उमीद्‌
uttar	8	pilot_pool	उत्तर	ऊत्तर	उतर	उतार
which	8	pilot_pool	व्हिच	व्हीच	विच	वीच
yonitishsotantrik	8	pilot_pool	योनितिश्सोतांत्रिक	योनिटिश्सोतांत्रिक	योनितिष्सोतांत्रिक	योनितिश्सोतान्त्रिक
bal	5	override_list	बाल	बल	बल्‌	बेल
milenge	5	override_list	मिलेंगे	मिलेगे	मिलंगे	मीलेंगे
pakistaniyo	3	override_list	पाकिस्तानियो	पकिस्तानियों	पकिस्तानियो	पाकिस्तानीयो
congressi	3	override_list	कांग्रेसी	कॉन्ग्रेसी	कॉंग्रेसी	काँग्रेसी
andhere	3	override_list	अंधेरे	अँधेरे	अन्धेरे	आंधेरे
banwana	3	override_list	बनवाना	बानवाना	बनवाणा	बांवना
rh	2	override_list	रह	आरएच	र्ह	रह्‌
sanskriti	2	override_list	संस्कृति	संस्कृती	सांस्कृति	सन्स्कृति
karwate	2	override_list	करवाते	करवटे	करवाटे	कारवाटे
pakistano	1	override_list	पाकिस्तानो	पकिस्तानो	पाकिसतानो	पाकीस्तानो
karaoge	1	override_list	कराओगे	करोगे	करओगे	करौगे
sultani	1	override_list	सुल्तानी	सुलतानी	सुल्तनी	सुलटानी
madrasi	1	override_list	मद्रासी	मदरासी	मदरसी	मद्रसी
pakistanio	1	override_list	पाकिस्तानियो	पकिस्तानियो	पाकिसतानियो	पाकिस्तानिओ
bastiyon	1	override_list	बस्तियों	बसतियों	बस्तियो	बस्तियोँ
hospitalo	1	override_list	हॉस्पिटलो	होस्पिटलो	हॉस्पिटालो	हास्पिटलो
stadiumi	1	override_list	स्टेडियमी	स्टैडियमी	स्टाडियमी	स्टेडियमि
sadharan	1	override_list	साधारण	सधारण	साधरण	सधरण
wicketo	1	override_list	विकेटो	विकटो	विकिटो	विकीटो
sahaara	1	override_list	सहारा	सहार	शहारा	सहारे
