token	frequency	error
ndtv	19	rate-limit: HTTP 429 rate-limit (no Retry-After header in response)
pehli	19	rate-limit: HTTP 429 rate-limit (no Retry-After header in response)
saaf	19	rate-limit: HTTP 429 rate-limit (no Retry-After header in response)
unko	19	rate-limit: HTTP 429 rate-limit (no Retry-After header in response)
badh	18	rate-limit: HTTP 429 rate-limit (no Retry-After header in response)
baith	18	rate-limit: HTTP 429 rate-limit (no Retry-After header in response)
bakwaas	18	rate-limit: HTTP 429 rate-limit (no Retry-After header in response)
banaye	18	rate-limit: HTTP 429 rate-limit (no Retry-After header in response)
bhakt	18	rate-limit: HTTP 429 rate-limit (no Retry-After header in response)
chahte	18	rate-limit: HTTP 429 rate-limit (no Retry-After header in response)
darr	18	rate-limit: HTTP 429 rate-limit (no Retry-After header in response)
hadh	18	rate-limit: HTTP 429 rate-limit (no Retry-After header in response)
hahahaha	18	rate-limit: HTTP 429 rate-limit (no Retry-After header in response)
honi	18	rate-limit: HTTP 429 rate-limit (no Retry-After header in response)
iit	18	rate-limit: HTTP 429 rate-limit (no Retry-After header in response)
jaana	18	rate-limit: HTTP 429 rate-limit (no Retry-After header in response)
jaegi	18	rate-limit: HTTP 429 rate-limit (no Retry-After header in response)
kaisi	18	rate-limit: HTTP 429 rate-limit (no Retry-After header in response)
karan	18	rate-limit: HTTP 429 rate-limit (no Retry-After header in response)
kisne	18	rate-limit: HTTP 429 rate-limit (no Retry-After header in response)
ladka	18	rate-limit: HTTP 429 rate-limit (no Retry-After header in response)
roti	18	rate-limit: HTTP 429 rate-limit (no Retry-After header in response)
shaan	18	rate-limit: HTTP 429 rate-limit (no Retry-After header in response)
shadi	18	rate-limit: HTTP 429 rate-limit (no Retry-After header in response)
shukriya	18	rate-limit: HTTP 429 rate-limit (no Retry-After header in response)
tumse	18	rate-limit: HTTP 429 rate-limit (no Retry-After header in response)
umar	18	rate-limit: HTTP 429 rate-limit (no Retry-After header in response)
unka	18	rate-limit: HTTP 429 rate-limit (no Retry-After header in response)
aankh	17	rate-limit: HTTP 429 rate-limit (no Retry-After header in response)
aayegi	17	rate-limit: HTTP 429 rate-limit (no Retry-After header in response)
aj	17	rate-limit: HTTP 429 rate-limit (no Retry-After header in response)
amit	17	rate-limit: HTTP 429 rate-limit (no Retry-After header in response)
anushka	17	rate-limit: HTTP 429 rate-limit (no Retry-After header in response)
badhiya	17	rate-limit: HTTP 429 rate-limit (no Retry-After header in response)
bhul	17	rate-limit: HTTP 429 rate-limit (no Retry-After header in response)
bolna	17	rate-limit: HTTP 429 rate-limit (no Retry-After header in response)
dikha	17	rate-limit: HTTP 429 rate-limit (no Retry-After header in response)
drpoonam	17	rate-limit: HTTP 429 rate-limit (no Retry-After header in response)
du	17	rate-limit: HTTP 429 rate-limit (no Retry-After header in response)
eid	17	rate-limit: HTTP 429 rate-limit (no Retry-After header in response)
gayab	17	rate-limit: HTTP 429 rate-limit (no Retry-After header in response)
huwe	17	rate-limit: HTTP 429 rate-limit (no Retry-After header in response)
khade	17	rate-limit: HTTP 429 rate-limit (no Retry-After header in response)
khoon	17	rate-limit: HTTP 429 rate-limit (no Retry-After header in response)
lalu	17	rate-limit: HTTP 429 rate-limit (no Retry-After header in response)
lenge	17	rate-limit: HTTP 429 rate-limit (no Retry-After header in response)
leti	17	rate-limit: HTTP 429 rate-limit (no Retry-After header in response)
sambhal	17	rate-limit: HTTP 429 rate-limit (no Retry-After header in response)
those	17	rate-limit: HTTP 429 rate-limit (no Retry-After header in response)
unki	17	rate-limit: HTTP 429 rate-limit (no Retry-After header in response)
usi	17	rate-limit: HTTP 429 rate-limit (no Retry-After header in response)
waale	17	rate-limit: HTTP 429 rate-limit (no Retry-After header in response)
waha	17	rate-limit: HTTP 429 rate-limit (no Retry-After header in response)
wajah	17	rate-limit: HTTP 429 rate-limit (no Retry-After header in response)
apki	16	rate-limit: HTTP 429 rate-limit (no Retry-After header in response)
arey	16	rate-limit: HTTP 429 rate-limit (no Retry-After header in response)
awaaz	16	rate-limit: HTTP 429 rate-limit (no Retry-After header in response)
baitha	16	rate-limit: HTTP 429 rate-limit (no Retry-After header in response)
chaiye	16	rate-limit: HTTP 429 rate-limit (no Retry-After header in response)
chhota	16	rate-limit: HTTP 429 rate-limit (no Retry-After header in response)
chori	16	rate-limit: HTTP 429 rate-limit (no Retry-After header in response)
chuke	16	rate-limit: HTTP 429 rate-limit (no Retry-After header in response)
chuki	16	rate-limit: HTTP 429 rate-limit (no Retry-After header in response)
dino	16	rate-limit: HTTP 429 rate-limit (no Retry-After header in response)
haaye	16	rate-limit: HTTP 429 rate-limit (no Retry-After header in response)
hadd	16	rate-limit: HTTP 429 rate-limit (no Retry-After header in response)
hath	16	rate-limit: HTTP 429 rate-limit (no Retry-After header in response)
humko	16	rate-limit: HTTP 429 rate-limit (no Retry-After header in response)
ishq	16	rate-limit: HTTP 429 rate-limit (no Retry-After header in response)
kaash	16	rate-limit: HTTP 429 rate-limit (no Retry-After header in response)
kai	16	rate-limit: HTTP 429 rate-limit (no Retry-After header in response)
kamaal	16	rate-limit: HTTP 429 rate-limit (no Retry-After header in response)
kardo	16	rate-limit: HTTP 429 rate-limit (no Retry-After header in response)
karu	16	rate-limit: HTTP 429 rate-limit (no Retry-After header in response)
kidhar	16	rate-limit: HTTP 429 rate-limit (no Retry-After header in response)
maal	16	rate-limit: HTTP 429 rate-limit (no Retry-After header in response)
milega	16	rate-limit: HTTP 429 rate-limit (no Retry-After header in response)
msdhoni	16	rate-limit: HTTP 429 rate-limit (no Retry-After header in response)
mushkil	16	rate-limit: HTTP 429 rate-limit (no Retry-After header in response)
padhai	16	rate-limit: HTTP 429 rate-limit (no Retry-After header in response)
pappu	16	rate-limit: HTTP 429 rate-limit (no Retry-After header in response)
poore	16	rate-limit: HTTP 429 rate-limit (no Retry-After header in response)
rahulonleave	16	rate-limit: HTTP 429 rate-limit (no Retry-After header in response)
saara	16	rate-limit: HTTP 429 rate-limit (no Retry-After header in response)
samjha	16	rate-limit: HTTP 429 rate-limit (no Retry-After header in response)
sardesairajdeep	16	rate-limit: HTTP 429 rate-limit (no Retry-After header in response)
sayshardik	16	rate-limit: HTTP 429 rate-limit (no Retry-After header in response)
ttrinadasgupta	16	rate-limit: HTTP 429 rate-limit (no Retry-After header in response)
utha	16	rate-limit: HTTP 429 rate-limit (no Retry-After header in response)
aadat	15	rate-limit: HTTP 429 rate-limit (no Retry-After header in response)
aajtak	15	rate-limit: HTTP 429 rate-limit (no Retry-After header in response)
aakhir	15	rate-limit: HTTP 429 rate-limit (no Retry-After header in response)
aankhon	15	rate-limit: HTTP 429 rate-limit (no Retry-After header in response)
aansoo	15	rate-limit: HTTP 429 rate-limit (no Retry-After header in response)
acche	15	rate-limit: HTTP 429 rate-limit (no Retry-After header in response)
apka	15	rate-limit: HTTP 429 rate-limit (no Retry-After header in response)
asli	15	rate-limit: HTTP 429 rate-limit (no Retry-After header in response)
bhaiyya	15	rate-limit: HTTP 429 rate-limit (no Retry-After header in response)
bro	15	rate-limit: HTTP 429 rate-limit (no Retry-After header in response)
dikh	15	rate-limit: HTTP 429 rate-limit (no Retry-After header in response)
dusre	15	rate-limit: HTTP 429 rate-limit (no Retry-After header in response)
engineeroholic	15	rate-limit: HTTP 429 rate-limit (no Retry-After header in response)
hashtag	15	rate-limit: HTTP 429 rate-limit (no Retry-After header in response)
humare	15	rate-limit: HTTP 429 rate-limit (no Retry-After header in response)
huwa	15	rate-limit: HTTP 429 rate-limit (no Retry-After header in response)
jawab	15	rate-limit: HTTP 429 rate-limit (no Retry-After header in response)
jisne	15	rate-limit: HTTP 429 rate-limit (no Retry-After header in response)
kachua	15	rate-limit: HTTP 429 rate-limit (no Retry-After header in response)
kamal	15	rate-limit: HTTP 429 rate-limit (no Retry-After header in response)
kay	15	rate-limit: HTTP 429 rate-limit (no Retry-After header in response)
khabar	15	rate-limit: HTTP 429 rate-limit (no Retry-After header in response)
khayal	15	rate-limit: HTTP 429 rate-limit (no Retry-After header in response)
khuda	15	rate-limit: HTTP 429 rate-limit (no Retry-After header in response)
kia	15	rate-limit: HTTP 429 rate-limit (no Retry-After header in response)
maam	15	rate-limit: HTTP 429 rate-limit (no Retry-After header in response)
maang	15	rate-limit: HTTP 429 rate-limit (no Retry-After header in response)
naye	15	rate-limit: HTTP 429 rate-limit (no Retry-After header in response)
neeche	15	rate-limit: HTTP 429 rate-limit (no Retry-After header in response)
obama	15	rate-limit: HTTP 429 rate-limit (no Retry-After header in response)
omg	15	rate-limit: HTTP 429 rate-limit (no Retry-After header in response)
pada	15	rate-limit: HTTP 429 rate-limit (no Retry-After header in response)
samne	15	rate-limit: HTTP 429 rate-limit (no Retry-After header in response)
shri	15	rate-limit: HTTP 429 rate-limit (no Retry-After header in response)
sureshpprabhu	15	rate-limit: HTTP 429 rate-limit (no Retry-After header in response)
thand	15	rate-limit: HTTP 429 rate-limit (no Retry-After header in response)
tujhse	15	rate-limit: HTTP 429 rate-limit (no Retry-After header in response)
vikas	15	rate-limit: HTTP 429 rate-limit (no Retry-After header in response)
wah	15	rate-limit: HTTP 429 rate-limit (no Retry-After header in response)
zinda	15	rate-limit: HTTP 429 rate-limit (no Retry-After header in response)
aayee	14	rate-limit: HTTP 429 rate-limit (no Retry-After header in response)
angryoungwoman	14	rate-limit: HTTP 429 rate-limit (no Retry-After header in response)
ashutosh	14	rate-limit: HTTP 429 rate-limit (no Retry-After header in response)
baithe	14	rate-limit: HTTP 429 rate-limit (no Retry-After header in response)
bete	14	rate-limit: HTTP 429 rate-limit (no Retry-After header in response)
chacha	14	rate-limit: HTTP 429 rate-limit (no Retry-After header in response)
chakkar	14	rate-limit: HTTP 429 rate-limit (no Retry-After header in response)
dega	14	rate-limit: HTTP 429 rate-limit (no Retry-After header in response)
dekhta	14	rate-limit: HTTP 429 rate-limit (no Retry-After header in response)
didi	14	rate-limit: HTTP 429 rate-limit (no Retry-After header in response)
dijiye	14	rate-limit: HTTP 429 rate-limit (no Retry-After header in response)
gaaliyan	14	rate-limit: HTTP 429 rate-limit (no Retry-After header in response)
gai	14	rate-limit: HTTP 429 rate-limit (no Retry-After header in response)
ghatiya	14	rate-limit: HTTP 429 rate-limit (no Retry-After header in response)
isne	14	rate-limit: HTTP 429 rate-limit (no Retry-After header in response)
jhasanjay	14	rate-limit: HTTP 429 rate-limit (no Retry-After header in response)
jitna	14	rate-limit: HTTP 429 rate-limit (no Retry-After header in response)
kamaalrkhan	14	rate-limit: HTTP 429 rate-limit (no Retry-After header in response)
khelne	14	rate-limit: HTTP 429 rate-limit (no Retry-After header in response)
kisko	14	rate-limit: HTTP 429 rate-limit (no Retry-After header in response)
klpe	14	rate-limit: HTTP 429 rate-limit (no Retry-After header in response)
kutta	14	rate-limit: HTTP 429 rate-limit (no Retry-After header in response)
mazaak	14	rate-limit: HTTP 429 rate-limit (no Retry-After header in response)
melotus	14	rate-limit: HTTP 429 rate-limit (no Retry-After header in response)
milna	14	rate-limit: HTTP 429 rate-limit (no Retry-After header in response)
nickhunterr	14	rate-limit: HTTP 429 rate-limit (no Retry-After header in response)
oye	14	rate-limit: HTTP 429 rate-limit (no Retry-After header in response)
padegi	14	rate-limit: HTTP 429 rate-limit (no Retry-After header in response)
pareshan	14	rate-limit: HTTP 429 rate-limit (no Retry-After header in response)
pati	14	rate-limit: HTTP 429 rate-limit (no Retry-After header in response)
pta	14	rate-limit: HTTP 429 rate-limit (no Retry-After header in response)
rakho	14	rate-limit: HTTP 429 rate-limit (no Retry-After header in response)
ruk	14	rate-limit: HTTP 429 rate-limit (no Retry-After header in response)
saala	14	rate-limit: HTTP 429 rate-limit (no Retry-After header in response)
seedha	14	rate-limit: HTTP 429 rate-limit (no Retry-After header in response)
since	14	rate-limit: HTTP 429 rate-limit (no Retry-After header in response)
sirji	14	rate-limit: HTTP 429 rate-limit (no Retry-After header in response)
srk	14	rate-limit: HTTP 429 rate-limit (no Retry-After header in response)
tym	14	rate-limit: HTTP 429 rate-limit (no Retry-After header in response)
udhaar	14	rate-limit: HTTP 429 rate-limit (no Retry-After header in response)
aag	13	rate-limit: HTTP 429 rate-limit (no Retry-After header in response)
abi	13	rate-limit: HTTP 429 rate-limit (no Retry-After header in response)
agle	13	rate-limit: HTTP 429 rate-limit (no Retry-After header in response)
angrezi	13	rate-limit: HTTP 429 rate-limit (no Retry-After header in response)
bachche	13	rate-limit: HTTP 429 rate-limit (no Retry-After header in response)
badiya	13	rate-limit: HTTP 429 rate-limit (no Retry-After header in response)
banne	13	rate-limit: HTTP 429 rate-limit (no Retry-After header in response)
barkha	13	rate-limit: HTTP 429 rate-limit (no Retry-After header in response)
bharosa	13	rate-limit: HTTP 429 rate-limit (no Retry-After header in response)
bht	13	rate-limit: HTTP 429 rate-limit (no Retry-After header in response)
chaar	13	rate-limit: HTTP 429 rate-limit (no Retry-After header in response)
chatpatidiary	13	rate-limit: HTTP 429 rate-limit (no Retry-After header in response)
chutti	13	rate-limit: HTTP 429 rate-limit (no Retry-After header in response)
dhoka	13	rate-limit: HTTP 429 rate-limit (no Retry-After header in response)
dukaan	13	rate-limit: HTTP 429 rate-limit (no Retry-After header in response)
gaane	13	rate-limit: HTTP 429 rate-limit (no Retry-After header in response)
hamein	13	rate-limit: HTTP 429 rate-limit (no Retry-After header in response)
hitennarendra	13	rate-limit: HTTP 429 rate-limit (no Retry-After header in response)
idhar	13	rate-limit: HTTP 429 rate-limit (no Retry-After header in response)
im	13	rate-limit: HTTP 429 rate-limit (no Retry-After header in response)
inki	13	rate-limit: HTTP 429 rate-limit (no Retry-After header in response)
issi	13	rate-limit: HTTP 429 rate-limit (no Retry-After header in response)
jal	13	rate-limit: HTTP 429 rate-limit (no Retry-After header in response)
janam	13	rate-limit: HTTP 429 rate-limit (no Retry-After header in response)
kanhaiya	13	rate-limit: HTTP 429 rate-limit (no Retry-After header in response)
kaunsa	13	rate-limit: HTTP 429 rate-limit (no Retry-After header in response)
khas	13	rate-limit: HTTP 429 rate-limit (no Retry-After header in response)
khoob	13	rate-limit: HTTP 429 rate-limit (no Retry-After header in response)
krna	13	rate-limit: HTTP 429 rate-limit (no Retry-After header in response)
kyo	13	rate-limit: HTTP 429 rate-limit (no Retry-After header in response)
mehnat	13	rate-limit: HTTP 429 rate-limit (no Retry-After header in response)
pani	13	rate-limit: HTTP 429 rate-limit (no Retry-After header in response)
pvsindhu	13	rate-limit: HTTP 429 rate-limit (no Retry-After header in response)
rakhna	13	rate-limit: HTTP 429 rate-limit (no Retry-After header in response)
saab	13	rate-limit: HTTP 429 rate-limit (no Retry-After header in response)
samjh	13	rate-limit: HTTP 429 rate-limit (no Retry-After header in response)
vishwas	13	rate-limit: HTTP 429 rate-limit (no Retry-After header in response)
wanna	13	rate-limit: HTTP 429 rate-limit (no Retry-After header in response)
yadav	13	rate-limit: HTTP 429 rate-limit (no Retry-After header in response)
yahin	13	rate-limit: HTTP 429 rate-limit (no Retry-After header in response)
aankhein	12	rate-limit: HTTP 429 rate-limit (no Retry-After header in response)
aayenge	12	rate-limit: HTTP 429 rate-limit (no Retry-After header in response)
afridi	12	rate-limit: HTTP 429 rate-limit (no Retry-After header in response)
ajeeb	12	rate-limit: HTTP 429 rate-limit (no Retry-After header in response)
anyone	12	rate-limit: HTTP 429 rate-limit (no Retry-After header in response)
baate	12	rate-limit: HTTP 429 rate-limit (no Retry-After header in response)
bahaar	12	rate-limit: HTTP 429 rate-limit (no Retry-After header in response)
bahane	12	rate-limit: HTTP 429 rate-limit (no Retry-After header in response)
bahu	12	rate-limit: HTTP 429 rate-limit (no Retry-After header in response)
baloch	12	rate-limit: HTTP 429 rate-limit (no Retry-After header in response)
banda	12	rate-limit: HTTP 429 rate-limit (no Retry-After header in response)
bech	12	rate-limit: HTTP 429 rate-limit (no Retry-After header in response)
bhaijan	12	rate-limit: HTTP 429 rate-limit (no Retry-After header in response)
bulaya	12	rate-limit: HTTP 429 rate-limit (no Retry-After header in response)
byomkesbakshi	12	rate-limit: HTTP 429 rate-limit (no Retry-After header in response)
chand	12	rate-limit: HTTP 429 rate-limit (no Retry-After header in response)
chauka	12	rate-limit: HTTP 429 rate-limit (no Retry-After header in response)
chhodo	12	rate-limit: HTTP 429 rate-limit (no Retry-After header in response)
daant	12	rate-limit: HTTP 429 rate-limit (no Retry-After header in response)
dekhe	12	rate-limit: HTTP 429 rate-limit (no Retry-After header in response)
delhipollution	12	rate-limit: HTTP 429 rate-limit (no Retry-After header in response)
dhawan	12	rate-limit: HTTP 429 rate-limit (no Retry-After header in response)
dho	12	rate-limit: HTTP 429 rate-limit (no Retry-After header in response)
dr	12	rate-limit: HTTP 429 rate-limit (no Retry-After header in response)
dunga	12	rate-limit: HTTP 429 rate-limit (no Retry-After header in response)
fb	12	rate-limit: HTTP 429 rate-limit (no Retry-After header in response)
hasi	12	rate-limit: HTTP 429 rate-limit (no Retry-After header in response)
hein	12	rate-limit: HTTP 429 rate-limit (no Retry-After header in response)
iamsrk	12	rate-limit: HTTP 429 rate-limit (no Retry-After header in response)
jarur	12	rate-limit: HTTP 429 rate-limit (no Retry-After header in response)
jarurat	12	rate-limit: HTTP 429 rate-limit (no Retry-After header in response)
jayenge	12	rate-limit: HTTP 429 rate-limit (no Retry-After header in response)
karlo	12	rate-limit: HTTP 429 rate-limit (no Retry-After header in response)
kaunsi	12	rate-limit: HTTP 429 rate-limit (no Retry-After header in response)
kejri	12	rate-limit: HTTP 429 rate-limit (no Retry-After header in response)
kharaab	12	rate-limit: HTTP 429 rate-limit (no Retry-After header in response)
khol	12	rate-limit: HTTP 429 rate-limit (no Retry-After header in response)
kiske	12	rate-limit: HTTP 429 rate-limit (no Retry-After header in response)
koshish	12	rate-limit: HTTP 429 rate-limit (no Retry-After header in response)
kro	12	rate-limit: HTTP 429 rate-limit (no Retry-After header in response)
krta	12	rate-limit: HTTP 429 rate-limit (no Retry-After header in response)
krti	12	rate-limit: HTTP 429 rate-limit (no Retry-After header in response)
ladkiyan	12	rate-limit: HTTP 429 rate-limit (no Retry-After header in response)
ladko	12	rate-limit: HTTP 429 rate-limit (no Retry-After header in response)
lal	12	rate-limit: HTTP 429 rate-limit (no Retry-After header in response)
layak	12	rate-limit: HTTP 429 rate-limit (no Retry-After header in response)
mene	12	rate-limit: HTTP 429 rate-limit (no Retry-After header in response)
mujh	12	rate-limit: HTTP 429 rate-limit (no Retry-After header in response)
mustwatchmsg	12	rate-limit: HTTP 429 rate-limit (no Retry-After header in response)
narendra	12	rate-limit: HTTP 429 rate-limit (no Retry-After header in response)
paar	12	rate-limit: HTTP 429 rate-limit (no Retry-After header in response)
padha	12	rate-limit: HTTP 429 rate-limit (no Retry-After header in response)
pahunch	12	rate-limit: HTTP 429 rate-limit (no Retry-After header in response)
pakad	12	rate-limit: HTTP 429 rate-limit (no Retry-After header in response)
purani	12	rate-limit: HTTP 429 rate-limit (no Retry-After header in response)
ranaayyub	12	rate-limit: HTTP 429 rate-limit (no Retry-After header in response)
samay	12	rate-limit: HTTP 429 rate-limit (no Retry-After header in response)
sapne	12	rate-limit: HTTP 429 rate-limit (no Retry-After header in response)
shahrukh	12	rate-limit: HTTP 429 rate-limit (no Retry-After header in response)
slimswamy	12	rate-limit: HTTP 429 rate-limit (no Retry-After header in response)
sona	12	rate-limit: HTTP 429 rate-limit (no Retry-After header in response)
suno	12	rate-limit: HTTP 429 rate-limit (no Retry-After header in response)
tez	12	rate-limit: HTTP 429 rate-limit (no Retry-After header in response)
their	12	rate-limit: HTTP 429 rate-limit (no Retry-After header in response)
them	12	rate-limit: HTTP 429 rate-limit (no Retry-After header in response)
unhone	12	rate-limit: HTTP 429 rate-limit (no Retry-After header in response)
waali	12	rate-limit: HTTP 429 rate-limit (no Retry-After header in response)
yo	12	rate-limit: HTTP 429 rate-limit (no Retry-After header in response)
zamana	12	rate-limit: HTTP 429 rate-limit (no Retry-After header in response)
zor	12	rate-limit: HTTP 429 rate-limit (no Retry-After header in response)
zzoker	12	rate-limit: HTTP 429 rate-limit (no Retry-After header in response)
aadha	11	rate-limit: HTTP 429 rate-limit (no Retry-After header in response)
aakar	11	rate-limit: HTTP 429 rate-limit (no Retry-After header in response)
aamir	11	rate-limit: HTTP 429 rate-limit (no Retry-After header in response)
aaptards	11	rate-limit: HTTP 429 rate-limit (no Retry-After header in response)
abpnewstv	11	rate-limit: HTTP 429 rate-limit (no Retry-After header in response)
achi	11	rate-limit: HTTP 429 rate-limit (no Retry-After header in response)
admin	11	rate-limit: HTTP 429 rate-limit (no Retry-After header in response)
agli	11	rate-limit: HTTP 429 rate-limit (no Retry-After header in response)
agr	11	rate-limit: HTTP 429 rate-limit (no Retry-After header in response)
airtel	11	rate-limit: HTTP 429 rate-limit (no Retry-After header in response)
akele	11	rate-limit: HTTP 429 rate-limit (no Retry-After header in response)
bachhe	11	rate-limit: HTTP 429 rate-limit (no Retry-After header in response)
bacho	11	rate-limit: HTTP 429 rate-limit (no Retry-After header in response)
bande	11	rate-limit: HTTP 429 rate-limit (no Retry-After header in response)
banta	11	rate-limit: HTTP 429 rate-limit (no Retry-After header in response)
bday	11	rate-limit: HTTP 429 rate-limit (no Retry-After header in response)
bheem	11	rate-limit: HTTP 429 rate-limit (no Retry-After header in response)
bhut	11	rate-limit: HTTP 429 rate-limit (no Retry-After header in response)
bijli	11	rate-limit: HTTP 429 rate-limit (no Retry-After header in response)
bleedblue	11	rate-limit: HTTP 429 rate-limit (no Retry-After header in response)
botal	11	rate-limit: HTTP 429 rate-limit (no Retry-After header in response)
bula	11	rate-limit: HTTP 429 rate-limit (no Retry-After header in response)
chalane	11	rate-limit: HTTP 429 rate-limit (no Retry-After header in response)
dekhiye	11	rate-limit: HTTP 429 rate-limit (no Retry-After header in response)
dhyaan	11	rate-limit: HTTP 429 rate-limit (no Retry-After header in response)
dhyan	11	rate-limit: HTTP 429 rate-limit (no Retry-After header in response)
dikhta	11	rate-limit: HTTP 429 rate-limit (no Retry-After header in response)
doodh	11	rate-limit: HTTP 429 rate-limit (no Retry-After header in response)
doosre	11	rate-limit: HTTP 429 rate-limit (no Retry-After header in response)
dutt	11	rate-limit: HTTP 429 rate-limit (no Retry-After header in response)
fark	11	rate-limit: HTTP 429 rate-limit (no Retry-After header in response)
gaana	11	rate-limit: HTTP 429 rate-limit (no Retry-After header in response)
gali	11	rate-limit: HTTP 429 rate-limit (no Retry-After header in response)
gaon	11	rate-limit: HTTP 429 rate-limit (no Retry-After header in response)
gud	11	rate-limit: HTTP 429 rate-limit (no Retry-After header in response)
gussa	11	rate-limit: HTTP 429 rate-limit (no Retry-After header in response)
gyaan	11	rate-limit: HTTP 429 rate-limit (no Retry-After header in response)
haryana	11	rate-limit: HTTP 429 rate-limit (no Retry-After header in response)
himmat	11	rate-limit: HTTP 429 rate-limit (no Retry-After header in response)
hokar	11	rate-limit: HTTP 429 rate-limit (no Retry-After header in response)
huye	11	rate-limit: HTTP 429 rate-limit (no Retry-After header in response)
intezaar	11	rate-limit: HTTP 429 rate-limit (no Retry-After header in response)
jaake	11	rate-limit: HTTP 429 rate-limit (no Retry-After header in response)
jashn	11	rate-limit: HTTP 429 rate-limit (no Retry-After header in response)
jitni	11	rate-limit: HTTP 429 rate-limit (no Retry-After header in response)
kafi	11	rate-limit: HTTP 429 rate-limit (no Retry-After header in response)
kahani	11	rate-limit: HTTP 429 rate-limit (no Retry-After header in response)
karein	11	rate-limit: HTTP 429 rate-limit (no Retry-After header in response)
kese	11	rate-limit: HTTP 429 rate-limit (no Retry-After header in response)
khada	11	rate-limit: HTTP 429 rate-limit (no Retry-After header in response)
khali	11	rate-limit: HTTP 429 rate-limit (no Retry-After header in response)
khao	11	rate-limit: HTTP 429 rate-limit (no Retry-After header in response)
khareed	11	rate-limit: HTTP 429 rate-limit (no Retry-After header in response)
kijiye	11	rate-limit: HTTP 429 rate-limit (no Retry-After header in response)
kyuki	11	rate-limit: HTTP 429 rate-limit (no Retry-After header in response)
mandir	11	rate-limit: HTTP 429 rate-limit (no Retry-After header in response)
namo	11	rate-limit: HTTP 429 rate-limit (no Retry-After header in response)
nehi	11	rate-limit: HTTP 429 rate-limit (no Retry-After header in response)
paa	11	rate-limit: HTTP 429 rate-limit (no Retry-After header in response)
paida	11	rate-limit: HTTP 429 rate-limit (no Retry-After header in response)
paytm	11	rate-limit: HTTP 429 rate-limit (no Retry-After header in response)
pila	11	rate-limit: HTTP 429 rate-limit (no Retry-After header in response)
purane	11	rate-limit: HTTP 429 rate-limit (no Retry-After header in response)
qandeel	11	rate-limit: HTTP 429 rate-limit (no Retry-After header in response)
raggedtag	11	rate-limit: HTTP 429 rate-limit (no Retry-After header in response)
rahulroushan	11	rate-limit: HTTP 429 rate-limit (no Retry-After header in response)
raina	11	rate-limit: HTTP 429 rate-limit (no Retry-After header in response)
rajiv	11	rate-limit: HTTP 429 rate-limit (no Retry-After header in response)
rakhi	11	rate-limit: HTTP 429 rate-limit (no Retry-After header in response)
rakhne	11	rate-limit: HTTP 429 rate-limit (no Retry-After header in response)
rona	11	rate-limit: HTTP 429 rate-limit (no Retry-After header in response)
sabka	11	rate-limit: HTTP 429 rate-limit (no Retry-After header in response)
sher	11	rate-limit: HTTP 429 rate-limit (no Retry-After header in response)
sunne	11	rate-limit: HTTP 429 rate-limit (no Retry-After header in response)
surgicalstrikes	11	rate-limit: HTTP 429 rate-limit (no Retry-After header in response)
taiyaar	11	rate-limit: HTTP 429 rate-limit (no Retry-After header in response)
ulta	11	rate-limit: HTTP 429 rate-limit (no Retry-After header in response)
utar	11	rate-limit: HTTP 429 rate-limit (no Retry-After header in response)
virodh	11	rate-limit: HTTP 429 rate-limit (no Retry-After header in response)
vodafone	11	rate-limit: HTTP 429 rate-limit (no Retry-After header in response)
aagaye	10	rate-limit: HTTP 429 rate-limit (no Retry-After header in response)
aai	10	rate-limit: HTTP 429 rate-limit (no Retry-After header in response)
ambani	10	rate-limit: HTTP 429 rate-limit (no Retry-After header in response)
amitshah	10	rate-limit: HTTP 429 rate-limit (no Retry-After header in response)
ankit	10	rate-limit: HTTP 429 rate-limit (no Retry-After header in response)
ayega	10	rate-limit: HTTP 429 rate-limit (no Retry-After header in response)
ayye	10	rate-limit: HTTP 429 rate-limit (no Retry-After header in response)
bacche	10	rate-limit: HTTP 429 rate-limit (no Retry-After header in response)
bache	10	rate-limit: HTTP 429 rate-limit (no Retry-After header in response)
banao	10	rate-limit: HTTP 429 rate-limit (no Retry-After header in response)
banna	10	rate-limit: HTTP 429 rate-limit (no Retry-After header in response)
banti	10	rate-limit: HTTP 429 rate-limit (no Retry-After header in response)
barabar	10	rate-limit: HTTP 429 rate-limit (no Retry-After header in response)
bcci	10	rate-limit: HTTP 429 rate-limit (no Retry-After header in response)
bechare	10	rate-limit: HTTP 429 rate-limit (no Retry-After header in response)
bheja	10	rate-limit: HTTP 429 rate-limit (no Retry-After header in response)
bhejo	10	rate-limit: HTTP 429 rate-limit (no Retry-After header in response)
chaal	10	rate-limit: HTTP 429 rate-limit (no Retry-After header in response)
chota	10	rate-limit: HTTP 429 rate-limit (no Retry-After header in response)
could	10	rate-limit: HTTP 429 rate-limit (no Retry-After header in response)
darna	10	rate-limit: HTTP 429 rate-limit (no Retry-After header in response)
dekar	10	rate-limit: HTTP 429 rate-limit (no Retry-After header in response)
dhan	10	rate-limit: HTTP 429 rate-limit (no Retry-After header in response)
dharm	10	rate-limit: HTTP 429 rate-limit (no Retry-After header in response)
dikhane	10	rate-limit: HTTP 429 rate-limit (no Retry-After header in response)
dikhao	10	rate-limit: HTTP 429 rate-limit (no Retry-After header in response)
dilwale	10	rate-limit: HTTP 429 rate-limit (no Retry-After header in response)
dua	10	rate-limit: HTTP 429 rate-limit (no Retry-After header in response)
etc	10	rate-limit: HTTP 429 rate-limit (no Retry-After header in response)
facebook	10	rate-limit: HTTP 429 rate-limit (no Retry-After header in response)
fayda	10	rate-limit: HTTP 429 rate-limit (no Retry-After header in response)
gandi	10	rate-limit: HTTP 429 rate-limit (no Retry-After header in response)
garam	10	rate-limit: HTTP 429 rate-limit (no Retry-After header in response)
ghum	10	rate-limit: HTTP 429 rate-limit (no Retry-After header in response)
gyan	10	rate-limit: HTTP 429 rate-limit (no Retry-After header in response)
haa	10	rate-limit: HTTP 429 rate-limit (no Retry-After header in response)
hahah	10	rate-limit: HTTP 429 rate-limit (no Retry-After header in response)
hawa	10	rate-limit: HTTP 429 rate-limit (no Retry-After header in response)
hogaye	10	rate-limit: HTTP 429 rate-limit (no Retry-After header in response)
humein	10	rate-limit: HTTP 429 rate-limit (no Retry-After header in response)
humse	10	rate-limit: HTTP 429 rate-limit (no Retry-After header in response)
inhone	10	rate-limit: HTTP 429 rate-limit (no Retry-After header in response)
into	10	rate-limit: HTTP 429 rate-limit (no Retry-After header in response)
iphone	10	rate-limit: HTTP 429 rate-limit (no Retry-After header in response)
jaakar	10	rate-limit: HTTP 429 rate-limit (no Retry-After header in response)
jadeja	10	rate-limit: HTTP 429 rate-limit (no Retry-After header in response)
jb	10	rate-limit: HTTP 429 rate-limit (no Retry-After header in response)
jhoot	10	rate-limit: HTTP 429 rate-limit (no Retry-After header in response)
jitne	10	rate-limit: HTTP 429 rate-limit (no Retry-After header in response)
kaale	10	rate-limit: HTTP 429 rate-limit (no Retry-After header in response)
kaan	10	rate-limit: HTTP 429 rate-limit (no Retry-After header in response)
kapil	10	rate-limit: HTTP 429 rate-limit (no Retry-After header in response)
kash	10	rate-limit: HTTP 429 rate-limit (no Retry-After header in response)
khaana	10	rate-limit: HTTP 429 rate-limit (no Retry-After header in response)
khate	10	rate-limit: HTTP 429 rate-limit (no Retry-After header in response)
khaye	10	rate-limit: HTTP 429 rate-limit (no Retry-After header in response)
khelta	10	rate-limit: HTTP 429 rate-limit (no Retry-After header in response)
khilaf	10	rate-limit: HTTP 429 rate-limit (no Retry-After header in response)
lanka	10	rate-limit: HTTP 429 rate-limit (no Retry-After header in response)
majak	10	rate-limit: HTTP 429 rate-limit (no Retry-After header in response)
mandal	10	rate-limit: HTTP 429 rate-limit (no Retry-After header in response)
marne	10	rate-limit: HTTP 429 rate-limit (no Retry-After header in response)
milkar	10	rate-limit: HTTP 429 rate-limit (no Retry-After header in response)
milke	10	rate-limit: HTTP 429 rate-limit (no Retry-After header in response)
msd	10	rate-limit: HTTP 429 rate-limit (no Retry-After header in response)
muje	10	rate-limit: HTTP 429 rate-limit (no Retry-After header in response)
mujhko	10	rate-limit: HTTP 429 rate-limit (no Retry-After header in response)
nainkatary	10	rate-limit: HTTP 429 rate-limit (no Retry-After header in response)
nautanki	10	rate-limit: HTTP 429 rate-limit (no Retry-After header in response)
nikla	10	rate-limit: HTTP 429 rate-limit (no Retry-After header in response)
paap	10	rate-limit: HTTP 429 rate-limit (no Retry-After header in response)
patakhe	10	rate-limit: HTTP 429 rate-limit (no Retry-After header in response)
phool	10	rate-limit: HTTP 429 rate-limit (no Retry-After header in response)
piche	10	rate-limit: HTTP 429 rate-limit (no Retry-After header in response)
pootna	10	rate-limit: HTTP 429 rate-limit (no Retry-After header in response)
rah	10	rate-limit: HTTP 429 rate-limit (no Retry-After header in response)
rehne	10	rate-limit: HTTP 429 rate-limit (no Retry-After header in response)
rehti	10	rate-limit: HTTP 429 rate-limit (no Retry-After header in response)
saalo	10	rate-limit: HTTP 429 rate-limit (no Retry-After header in response)
sabha	10	rate-limit: HTTP 429 rate-limit (no Retry-After header in response)
sabke	10	rate-limit: HTTP 429 rate-limit (no Retry-After header in response)
sagarikaghose	10	rate-limit: HTTP 429 rate-limit (no Retry-After header in response)
samjho	10	rate-limit: HTTP 429 rate-limit (no Retry-After header in response)
san	10	rate-limit: HTTP 429 rate-limit (no Retry-After header in response)
sara	10	rate-limit: HTTP 429 rate-limit (no Retry-After header in response)
sawaal	10	rate-limit: HTTP 429 rate-limit (no Retry-After header in response)
sri	10	rate-limit: HTTP 429 rate-limit (no Retry-After header in response)
taang	10	rate-limit: HTTP 429 rate-limit (no Retry-After header in response)
talaq	10	rate-limit: HTTP 429 rate-limit (no Retry-After header in response)
tatti	10	rate-limit: HTTP 429 rate-limit (no Retry-After header in response)
tujh	10	rate-limit: HTTP 429 rate-limit (no Retry-After header in response)
uth	10	rate-limit: HTTP 429 rate-limit (no Retry-After header in response)
without	10	rate-limit: HTTP 429 rate-limit (no Retry-After header in response)
zameen	10	rate-limit: HTTP 429 rate-limit (no Retry-After header in response)
aadhe	9	rate-limit: HTTP 429 rate-limit (no Retry-After header in response)
aahe	9	rate-limit: HTTP 429 rate-limit (no Retry-After header in response)
aashirwad	9	rate-limit: HTTP 429 rate-limit (no Retry-After header in response)
achchi	9	rate-limit: HTTP 429 rate-limit (no Retry-After header in response)
amitabh	9	rate-limit: HTTP 429 rate-limit (no Retry-After header in response)
apke	9	rate-limit: HTTP 429 rate-limit (no Retry-After header in response)
bachchan	9	rate-limit: HTTP 429 rate-limit (no Retry-After header in response)
bechara	9	rate-limit: HTTP 429 rate-limit (no Retry-After header in response)
bewakoof	9	rate-limit: HTTP 429 rate-limit (no Retry-After header in response)
bhare	9	rate-limit: HTTP 429 rate-limit (no Retry-After header in response)
bhole	9	rate-limit: HTTP 429 rate-limit (no Retry-After header in response)
bhook	9	rate-limit: HTTP 429 rate-limit (no Retry-After header in response)
bhot	9	rate-limit: HTTP 429 rate-limit (no Retry-After header in response)
bigad	9	rate-limit: HTTP 429 rate-limit (no Retry-After header in response)
celeb	9	rate-limit: HTTP 429 rate-limit (no Retry-After header in response)
chalti	9	rate-limit: HTTP 429 rate-limit (no Retry-After header in response)
choti	9	rate-limit: HTTP 429 rate-limit (no Retry-After header in response)
chutiye	9	rate-limit: HTTP 429 rate-limit (no Retry-After header in response)
congrats	9	rate-limit: HTTP 429 rate-limit (no Retry-After header in response)
dala	9	rate-limit: HTTP 429 rate-limit (no Retry-After header in response)
dashhtweets	9	rate-limit: HTTP 429 rate-limit (no Retry-After header in response)
doosri	9	rate-limit: HTTP 429 rate-limit (no Retry-After header in response)
durr	9	rate-limit: HTTP 429 rate-limit (no Retry-After header in response)
dusro	9	rate-limit: HTTP 429 rate-limit (no Retry-After header in response)
gf	9	rate-limit: HTTP 429 rate-limit (no Retry-After header in response)
gurgaon	9	rate-limit: HTTP 429 rate-limit (no Retry-After header in response)
haalat	9	rate-limit: HTTP 429 rate-limit (no Retry-After header in response)
halat	9	rate-limit: HTTP 429 rate-limit (no Retry-After header in response)
hara	9	rate-limit: HTTP 429 rate-limit (no Retry-After header in response)
horaha	9	rate-limit: HTTP 429 rate-limit (no Retry-After header in response)
hy	9	rate-limit: HTTP 429 rate-limit (no Retry-After header in response)
intezar	9	rate-limit: HTTP 429 rate-limit (no Retry-After header in response)
ismein	9	rate-limit: HTTP 429 rate-limit (no Retry-After header in response)
jaag	9	rate-limit: HTTP 429 rate-limit (no Retry-After header in response)
jaanch	9	rate-limit: HTTP 429 rate-limit (no Retry-After header in response)
jaanta	9	rate-limit: HTTP 429 rate-limit (no Retry-After header in response)
jaenge	9	rate-limit: HTTP 429 rate-limit (no Retry-After header in response)
jald	9	rate-limit: HTTP 429 rate-limit (no Retry-After header in response)
jawaab	9	rate-limit: HTTP 429 rate-limit (no Retry-After header in response)
kaala	9	rate-limit: HTTP 429 rate-limit (no Retry-After header in response)
kahenge	9	rate-limit: HTTP 429 rate-limit (no Retry-After header in response)
karunga	9	rate-limit: HTTP 429 rate-limit (no Retry-After header in response)
kehti	9	rate-limit: HTTP 429 rate-limit (no Retry-After header in response)
khatm	9	rate-limit: HTTP 429 rate-limit (no Retry-After header in response)
khela	9	rate-limit: HTTP 429 rate-limit (no Retry-After header in response)
khelte	9	rate-limit: HTTP 429 rate-limit (no Retry-After header in response)
knicks	9	rate-limit: HTTP 429 rate-limit (no Retry-After header in response)
kripa	9	rate-limit: HTTP 429 rate-limit (no Retry-After header in response)
kyonki	9	rate-limit: HTTP 429 rate-limit (no Retry-After header in response)
ladai	9	rate-limit: HTTP 429 rate-limit (no Retry-After header in response)
laddu	9	rate-limit: HTTP 429 rate-limit (no Retry-After header in response)
lagata	9	rate-limit: HTTP 429 rate-limit (no Retry-After header in response)
lagte	9	rate-limit: HTTP 429 rate-limit (no Retry-After header in response)
lamba	9	rate-limit: HTTP 429 rate-limit (no Retry-After header in response)
luv	9	rate-limit: HTTP 429 rate-limit (no Retry-After header in response)
maarne	9	rate-limit: HTTP 429 rate-limit (no Retry-After header in response)
maarte	9	rate-limit: HTTP 429 rate-limit (no Retry-After header in response)
maggi	9	rate-limit: HTTP 429 rate-limit (no Retry-After header in response)
marte	9	rate-limit: HTTP 429 rate-limit (no Retry-After header in response)
naha	9	rate-limit: HTTP 429 rate-limit (no Retry-After header in response)
naukri	9	rate-limit: HTTP 429 rate-limit (no Retry-After header in response)
nikle	9	rate-limit: HTTP 429 rate-limit (no Retry-After header in response)
padhne	9	rate-limit: HTTP 429 rate-limit (no Retry-After header in response)
pandya	9	rate-limit: HTTP 429 rate-limit (no Retry-After header in response)
peeta	9	rate-limit: HTTP 429 rate-limit (no Retry-After header in response)
piya	9	rate-limit: HTTP 429 rate-limit (no Retry-After header in response)
pucha	9	rate-limit: HTTP 429 rate-limit (no Retry-After header in response)
rahane	9	rate-limit: HTTP 429 rate-limit (no Retry-After header in response)
rone	9	rate-limit: HTTP 429 rate-limit (no Retry-After header in response)
salu	9	rate-limit: HTTP 429 rate-limit (no Retry-After header in response)
satya	9	rate-limit: HTTP 429 rate-limit (no Retry-After header in response)
sharab	9	rate-limit: HTTP 429 rate-limit (no Retry-After header in response)
sim	9	rate-limit: HTTP 429 rate-limit (no Retry-After header in response)
sudhar	9	rate-limit: HTTP 429 rate-limit (no Retry-After header in response)
sunte	9	rate-limit: HTTP 429 rate-limit (no Retry-After header in response)
supw	9	rate-limit: HTTP 429 rate-limit (no Retry-After header in response)
swagat	9	rate-limit: HTTP 429 rate-limit (no Retry-After header in response)
tareef	9	rate-limit: HTTP 429 rate-limit (no Retry-After header in response)
thak	9	rate-limit: HTTP 429 rate-limit (no Retry-After header in response)
udhar	9	rate-limit: HTTP 429 rate-limit (no Retry-After header in response)
until	9	rate-limit: HTTP 429 rate-limit (no Retry-After header in response)
usme	9	rate-limit: HTTP 429 rate-limit (no Retry-After header in response)
vadra	9	rate-limit: HTTP 429 rate-limit (no Retry-After header in response)
yuvraj	9	rate-limit: HTTP 429 rate-limit (no Retry-After header in response)
zarurat	9	rate-limit: HTTP 429 rate-limit (no Retry-After header in response)
aadhi	8	rate-limit: HTTP 429 rate-limit (no Retry-After header in response)
abey	8	rate-limit: HTTP 429 rate-limit (no Retry-After header in response)
akela	8	rate-limit: HTTP 429 rate-limit (no Retry-After header in response)
ata	8	rate-limit: HTTP 429 rate-limit (no Retry-After header in response)
azaadi	8	rate-limit: HTTP 429 rate-limit (no Retry-After header in response)
baarish	8	rate-limit: HTTP 429 rate-limit (no Retry-After header in response)
bachi	8	rate-limit: HTTP 429 rate-limit (no Retry-After header in response)
badha	8	rate-limit: HTTP 429 rate-limit (no Retry-After header in response)
badnaam	8	rate-limit: HTTP 429 rate-limit (no Retry-After header in response)
banate	8	rate-limit: HTTP 429 rate-limit (no Retry-After header in response)
bataya	8	rate-limit: HTTP 429 rate-limit (no Retry-After header in response)
bedi	8	rate-limit: HTTP 429 rate-limit (no Retry-After header in response)
bekar	8	rate-limit: HTTP 429 rate-limit (no Retry-After header in response)
bf	8	rate-limit: HTTP 429 rate-limit (no Retry-After header in response)
bhaag	8	rate-limit: HTTP 429 rate-limit (no Retry-After header in response)
bhag	8	rate-limit: HTTP 429 rate-limit (no Retry-After header in response)
bhikari	8	rate-limit: HTTP 429 rate-limit (no Retry-After header in response)
bna	8	rate-limit: HTTP 429 rate-limit (no Retry-After header in response)
buri	8	rate-limit: HTTP 429 rate-limit (no Retry-After header in response)
burnol	8	rate-limit: HTTP 429 rate-limit (no Retry-After header in response)
cheen	8	rate-limit: HTTP 429 rate-limit (no Retry-After header in response)
chhe	8	rate-limit: HTTP 429 rate-limit (no Retry-After header in response)
chipka	8	rate-limit: HTTP 429 rate-limit (no Retry-After header in response)
chote	8	rate-limit: HTTP 429 rate-limit (no Retry-After header in response)
darshan	8	rate-limit: HTTP 429 rate-limit (no Retry-After header in response)
deepika	8	rate-limit: HTTP 429 rate-limit (no Retry-After header in response)
dev	8	rate-limit: HTTP 429 rate-limit (no Retry-After header in response)
dhokha	8	rate-limit: HTTP 429 rate-limit (no Retry-After header in response)
dukh	8	rate-limit: HTTP 429 rate-limit (no Retry-After header in response)
duper	8	rate-limit: HTTP 429 rate-limit (no Retry-After header in response)
dur	8	rate-limit: HTTP 429 rate-limit (no Retry-After header in response)
during	8	rate-limit: HTTP 429 rate-limit (no Retry-After header in response)
garmi	8	rate-limit: HTTP 429 rate-limit (no Retry-After header in response)
ghamand	8	rate-limit: HTTP 429 rate-limit (no Retry-After header in response)
gir	8	rate-limit: HTTP 429 rate-limit (no Retry-After header in response)
hafte	8	rate-limit: HTTP 429 rate-limit (no Retry-After header in response)
haq	8	rate-limit: HTTP 429 rate-limit (no Retry-After header in response)
hinnaz	8	rate-limit: HTTP 429 rate-limit (no Retry-After header in response)
iamkits	8	rate-limit: HTTP 429 rate-limit (no Retry-After header in response)
iamsonisinghal	8	rate-limit: HTTP 429 rate-limit (no Retry-After header in response)
iitb	8	rate-limit: HTTP 429 rate-limit (no Retry-After header in response)
ind	8	rate-limit: HTTP 429 rate-limit (no Retry-After header in response)
insan	8	rate-limit: HTTP 429 rate-limit (no Retry-After header in response)
jaage	8	rate-limit: HTTP 429 rate-limit (no Retry-After header in response)
jaha	8	rate-limit: HTTP 429 rate-limit (no Retry-After header in response)
jaiye	8	rate-limit: HTTP 429 rate-limit (no Retry-After header in response)
jama	8	rate-limit: HTTP 429 rate-limit (no Retry-After header in response)
jaunga	8	rate-limit: HTTP 429 rate-limit (no Retry-After header in response)
jeena	8	rate-limit: HTTP 429 rate-limit (no Retry-After header in response)
jeene	8	rate-limit: HTTP 429 rate-limit (no Retry-After header in response)
jeete	8	rate-limit: HTTP 429 rate-limit (no Retry-After header in response)
jeetne	8	rate-limit: HTTP 429 rate-limit (no Retry-After header in response)
jha	8	rate-limit: HTTP 429 rate-limit (no Retry-After header in response)
jisko	8	rate-limit: HTTP 429 rate-limit (no Retry-After header in response)
joote	8	rate-limit: HTTP 429 rate-limit (no Retry-After header in response)
kahe	8	rate-limit: HTTP 429 rate-limit (no Retry-After header in response)
kaho	8	rate-limit: HTTP 429 rate-limit (no Retry-After header in response)
kahte	8	rate-limit: HTTP 429 rate-limit (no Retry-After header in response)
karde	8	rate-limit: HTTP 429 rate-limit (no Retry-After header in response)
karegi	8	rate-limit: HTTP 429 rate-limit (no Retry-After header in response)
katrina	8	rate-limit: HTTP 429 rate-limit (no Retry-After header in response)
kaunse	8	rate-limit: HTTP 429 rate-limit (no Retry-After header in response)
kavitabika	8	rate-limit: HTTP 429 rate-limit (no Retry-After header in response)
kehne	8	rate-limit: HTTP 429 rate-limit (no Retry-After header in response)
khila	8	rate-limit: HTTP 429 rate-limit (no Retry-After header in response)
khul	8	rate-limit: HTTP 429 rate-limit (no Retry-After header in response)
khulla	8	rate-limit: HTTP 429 rate-limit (no Retry-After header in response)
kiran	8	rate-limit: HTTP 429 rate-limit (no Retry-After header in response)
laal	8	rate-limit: HTTP 429 rate-limit (no Retry-After header in response)
laddoo	8	rate-limit: HTTP 429 rate-limit (no Retry-After header in response)
ladkon	8	rate-limit: HTTP 429 rate-limit (no Retry-After header in response)
lagana	8	rate-limit: HTTP 429 rate-limit (no Retry-After header in response)
lagane	8	rate-limit: HTTP 429 rate-limit (no Retry-After header in response)
launda	8	rate-limit: HTTP 429 rate-limit (no Retry-After header in response)
launde	8	rate-limit: HTTP 429 rate-limit (no Retry-After header in response)
leni	8	rate-limit: HTTP 429 rate-limit (no Retry-After header in response)
lga	8	rate-limit: HTTP 429 rate-limit (no Retry-After header in response)
likhe	8	rate-limit: HTTP 429 rate-limit (no Retry-After header in response)
lunga	8	rate-limit: HTTP 429 rate-limit (no Retry-After header in response)
masala	8	rate-limit: HTTP 429 rate-limit (no Retry-After header in response)
misbah	8	rate-limit: HTTP 429 rate-limit (no Retry-After header in response)
mitch	8	rate-limit: HTTP 429 rate-limit (no Retry-After header in response)
naahi	8	rate-limit: HTTP 429 rate-limit (no Retry-After header in response)
namak	8	rate-limit: HTTP 429 rate-limit (no Retry-After header in response)
nasha	8	rate-limit: HTTP 429 rate-limit (no Retry-After header in response)
nikaal	8	rate-limit: HTTP 429 rate-limit (no Retry-After header in response)
padte	8	rate-limit: HTTP 429 rate-limit (no Retry-After header in response)
padti	8	rate-limit: HTTP 429 rate-limit (no Retry-After header in response)
pandey	8	rate-limit: HTTP 429 rate-limit (no Retry-After header in response)
pareshaan	8	rate-limit: HTTP 429 rate-limit (no Retry-After header in response)
patthar	8	rate-limit: HTTP 429 rate-limit (no Retry-After header in response)
pehen	8	rate-limit: HTTP 429 rate-limit (no Retry-After header in response)
pehna	8	rate-limit: HTTP 429 rate-limit (no Retry-After header in response)
phenk	8	rate-limit: HTTP 429 rate-limit (no Retry-After header in response)
phle	8	rate-limit: HTTP 429 rate-limit (no Retry-After header in response)
plzz	8	rate-limit: HTTP 429 rate-limit (no Retry-After header in response)
pooja	8	rate-limit: HTTP 429 rate-limit (no Retry-After header in response)
pradesh	8	rate-limit: HTTP 429 rate-limit (no Retry-After header in response)
prem	8	rate-limit: HTTP 429 rate-limit (no Retry-After header in response)
rahegi	8	rate-limit: HTTP 429 rate-limit (no Retry-After header in response)
rahenge	8	rate-limit: HTTP 429 rate-limit (no Retry-After header in response)
rai	8	rate-limit: HTTP 429 rate-limit (no Retry-After header in response)
rayta	8	rate-limit: HTTP 429 rate-limit (no Retry-After header in response)
rehna	8	rate-limit: HTTP 429 rate-limit (no Retry-After header in response)
rishta	8	rate-limit: HTTP 429 rate-limit (no Retry-After header in response)
rok	8	rate-limit: HTTP 429 rate-limit (no Retry-After header in response)
roshd	8	rate-limit: HTTP 429 rate-limit (no Retry-After header in response)
rula	8	rate-limit: HTTP 429 rate-limit (no Retry-After header in response)
rulayega	8	rate-limit: HTTP 429 rate-limit (no Retry-After header in response)
sada	8	rate-limit: HTTP 429 rate-limit (no Retry-After header in response)
sanjay	8	rate-limit: HTTP 429 rate-limit (no Retry-After header in response)
selfie	8	rate-limit: HTTP 429 rate-limit (no Retry-After header in response)
shivay	8	rate-limit: HTTP 429 rate-limit (no Retry-After header in response)
shobha	8	rate-limit: HTTP 429 rate-limit (no Retry-After header in response)
smogindelhi	8	rate-limit: HTTP 429 rate-limit (no Retry-After header in response)
sonam	8	rate-limit: HTTP 429 rate-limit (no Retry-After header in response)
sote	8	rate-limit: HTTP 429 rate-limit (no Retry-After header in response)
tanmay	8	rate-limit: HTTP 429 rate-limit (no Retry-After header in response)
taqleef	8	rate-limit: HTTP 429 rate-limit (no Retry-After header in response)
thakur	8	rate-limit: HTTP 429 rate-limit (no Retry-After header in response)
thats	8	rate-limit: HTTP 429 rate-limit (no Retry-After header in response)
tk	8	rate-limit: HTTP 429 rate-limit (no Retry-After header in response)
toastingtoaster	8	rate-limit: HTTP 429 rate-limit (no Retry-After header in response)
tukde	8	rate-limit: HTTP 429 rate-limit (no Retry-After header in response)
tumlog	8	rate-limit: HTTP 429 rate-limit (no Retry-After header in response)
ulti	8	rate-limit: HTTP 429 rate-limit (no Retry-After header in response)
umeed	8	rate-limit: HTTP 429 rate-limit (no Retry-After header in response)
uttar	8	rate-limit: HTTP 429 rate-limit (no Retry-After header in response)
which	8	rate-limit: HTTP 429 rate-limit (no Retry-After header in response)
